time	rate	s1	s2	lambda1	lambda2	o11	ood	tf1_re	tf1_im	tf1_abs	tf2_re	tf2_im	tf2_abs
0.0	2.220446049250313e-16	1.0	0.0	1.0	0.0	0.9999999999999998	0.0	0.9999999999999998	0.0	0.9999999999999998	0.0	0.0	0.0
0.05	0.0025528455128810737	0.9987523595655332	0.0499372031884048	0.9975062757377201	0.0024937242622800264	0.9987242513233622	0.007493038161496279	0.9974657346909418	-0.004987324350330206	0.9974782029130841	-4.156275889009158e-6	-0.0024938047679580735	0.0024938082314644176
0.1	0.010219959462971082	0.9950130473334902	0.09974485267983024	0.9900509643638783	0.009949035636121038	0.9949008200804399	0.01494445090362127	0.9898893389694231	-0.009947458692070803	0.9899393190189749	-3.3177507221103874e-5	-0.00995081334508812	0.009950868654332106
0.15	0.02302726889712526	0.988792866716861	0.14929389381283573	0.9777113332701479	0.02228866672979827	0.9885411615451621	0.022313331623364133	0.9773498842519378	-0.014850526602351595	0.9774627023000128	-0.00011180112723730779	-0.022298054195295347	0.022298334475659386
0.2	0.041018635583523026	0.9801097455664113	0.19845625876920042	0.9606151133542554	0.03938488664466784	0.9796644012856163	0.0295603219393884	0.9599786766585454	-0.019664129683973124	0.9601800547997861	-0.0002647234932831695	-0.0394147069607583	0.039415595940317134
0.25	0.06425682830592355	0.9689886246263322	0.24710533246820165	0.9389389546552309	0.06106104533422047	0.968297373926286	0.03664869685082296	0.9379585007213237	-0.02435389100588193	0.9382746192253736	-0.0005169530466474643	-0.06113322891551992	0.06113541459816723
0.3	0.09282487007248966	0.9554613116934179	0.2951163868550243	0.9129063181429066	0.08709368179036435	0.9544746495998973	0.0435459379427887	0.9115225726236517	-0.02888419321824648	0.9119800968334283	-0.0008944466881933235	-0.08724077746975119	0.08724536256102479
0.35	0.12682772387386157	0.9395663116766435	0.342366975113495	0.8827848540376516	0.11721514564836451	0.9382385044964078	0.05022621651168136	0.8809532170908272	-0.03321927052607794	0.8815793161349481	-0.0014250227111677516	-0.11748074689774368	0.11748938922889614
0.4	0.16639423504890394	0.9213486458759601	0.3887372783127928	0.8488833272574653	0.15111667155003775	0.9196387420684208	0.056674626166174205	0.8465802141005339	-0.0373248924661127	0.8474026236117709	-0.0021394696252231065	-0.15155415367202393	0.1515692542223544
0.45	0.21167916851123236	0.9008596781300269	0.43411039663851564	0.8115481596805356	0.18845183646964936	0.8987321492198758	0.0628949825251809	0.8087786015931149	-0.04117094733777957	0.809825828990163	-0.003072604274680279	-0.1891205302436732	0.18914548859720892
0.5	0.26286504605340233	0.8781569738545213	0.4783725727190841	0.7711596707293304	0.22884031832987542	0.875581042537349	0.0689255115333543	0.7679654251037503	-0.044735217637155045	0.7692672707530378	-0.004263731778985394	-0.22979799820474844	0.2298375499947576
0.55	0.3201632713227577	0.8533042397333273	0.521413316279681	0.7281281255468717	0.27187184639377465	0.8502493638281192	0.07487396135807342	0.7245945027571149	-0.04800837674129427	0.7261831708757541	-0.005755532214452477	-0.2731624505374578	0.27322307833472026
0.6	0.3838136758739404	0.8263714631197402	0.5631253313385568	0.6828897950586601	0.31711013879515937	0.8227912570225858	0.08100801904680709	0.679147911904064	-0.050999493970174614	0.6810600815118033	-0.007590032286909577	-0.31874651033907997	0.3188368649379453
0.65	0.45408104416478784	0.7974356694772631	0.6034038512398168	0.6359036469546507	0.36409620769104295	0.7932113007250523	0.0880397693699768	0.6321231301338003	-0.05374001603866424	0.6344033740247519	-0.009800542911501963	-0.36604024775694477	0.3661714265468098
0.7	0.5312462467920996	0.7665845204064576	0.6421431865383479	0.5876518269267986	0.41234787201762346	0.7612726790663279	0.09836221146333105	0.5840163543444734	-0.056282828814365415	0.5867221309624827	-0.012400031580650216	-0.41449699551775054	0.4146824328042403
0.75	0.6155881454963538	0.7339474536685456	0.6792058173107282	0.5386788647465419	0.46132054226873426	0.7245223602921596	0.12661432101557768	0.5353056466134638	-0.05869315962794647	0.5385137159658705	-0.015369521344458658	-0.4635474404170915	0.4638021687137683
0.8	0.6664214103963199	0.7152263704199551	0.6988920660739205	0.5115487609441027	0.4884501200210733	0.7128200354010781	0.08129209286981745	-0.018652943265551114	-0.5126218021735484	0.5129610553990668	0.4864403918271065	-0.06103143743087614	0.49025410875972053
0.85	0.5755961596854919	0.7484765232765856	0.663159752999346	0.5602171058962052	0.43978085799815364	0.7485516939936115	0.05950103294468618	-0.02216391303148879	-0.5611742412111412	0.5616117591715539	0.4378425960134261	-0.06333388501351218	0.44239950257056243
0.9	0.49401557118882494	0.7801828275756135	0.6255486900147503	0.6086852444438795	0.3913111635791702	0.7783939653563566	0.08302548493937693	-0.025803846575888745	-0.6087003086000575	0.6092469976847792	0.389919497485085	-0.06559992558637065	0.3953992472880526
0.95	0.42098422070344893	0.8099550878115382	0.5864866415313678	0.6560272442717966	0.34396658069474306	0.8067680489258763	0.09836725086126825	-0.02948387484720294	-0.6547413232205429	0.6554048361193202	0.3430800057066166	-0.06779238034424595	0.34971373600187766
1.0	0.3559203078601088	0.8377038831869063	0.546115198555337	0.7017477959064219	0.2982418100931351	0.8331948531729049	0.11147173415599164	-0.0331412221604277	-0.6988770077515265	0.699662356119017	0.29774568246220257	-0.06984892746521815	0.3058289785042027
1.05	0.2983330476925327	0.863357761127842	0.504575233411575	0.7453866236996799	0.2545961661723453	0.8574862496411124	0.12367636849343201	-0.03674509619805022	-0.7407133009816594	0.7416241611124534	0.2543513552364722	-0.07169759752863342	0.2642634242607326
1.1	0.24780529803159915	0.8868529859338874	0.4620212295306798	0.7865082186598519	0.21346361653704113	0.8795321714198626	0.13540322213430359	-0.04029323942990315	-0.779872460810434	0.7809126713495418	0.21333653904573618	-0.07326867493276971	0.2255676785765567
1.15	0.20397996582645284	0.9081320040188913	0.41862928103077723	0.8247037367233675	0.17525047493634546	0.8992535325143978	0.1467762638181232	-0.043803702626954544	-0.815989033047284	0.8171639164924454	0.17513222342129867	-0.07449850535357758	0.19031900320358106
1.2	0.16654915818341942	0.9271432198659537	0.3746079029576902	0.8595945501434082	0.14033108095835822	0.9165880800835617	0.15777564652688977	-0.047306295767194806	-0.8487115207158195	0.8500289001057388	0.14014741118180887	-0.07532363023242614	0.1591067130335935
1.25	0.13524533416529522	0.943841094034307	0.3302158621108047	0.8908360107878777	0.109042515589582	0.9314851149590092	0.16826916817228468	-0.050836257307710575	-0.8777076581224563	0.8791786270058335	0.10875773497529213	-0.07566394574321106	0.13248878293043329
1.3	0.10983392052944309	0.9581863423241853	0.28579329559129407	0.9181210666166009	0.08167780780493279	0.9439031578326624	0.17798306500408315	-0.05443077966920429	-0.9026710420144255	0.9043106323973008	0.08129622882393256	-0.07539050378967665	0.11087292222474544
1.35	0.09010701076309778	0.9701461671868039	0.24181728168185032	0.941183585707246	0.05847559771999934	0.953808734819631	0.18640742880221833	-0.058127907695847414	-0.9233275896828917	0.9251554958614878	0.05804439587783813	-0.07426745284154174	0.0942592512403627
1.4	0.07587789426656363	0.9796944930741089	0.19899986965140629	0.9598012997597353	0.039600948121276694	0.961175616527922	0.19259853834132085	-0.06196682429337452	-0.9394411247304058	0.9414826148940487	0.03921956984722351	-0.07185343331099543	0.0818601889661813
1.45	0.0669762773491714	0.9868121915427391	0.1584440225934105	0.9737983013773837	0.02510450829558118	0.9659842285327281	0.19485217406478444	-0.06598787634423597	-0.9508180650286234	0.9531051319813558	0.024953878757019477	-0.06737962441602918	0.07185199963442343
1.5	0.0632441705900961	0.9914872888648301	0.12180294027535386	0.983047043980531	0.01483595625972142	0.9682210886749296	0.19049961810847274	-0.07022835434565444	-0.9573117338328218	0.9598842521304859	0.015302083278193683	-0.059821105605659654	0.06174721393339346
1.55	0.06453253217717646	0.9937151541234619	0.0911368487838355	0.9874698075346157	0.008305925206247698	0.9678781714890039	0.17709889054114766	-0.07470492261622952	-0.9588228812062798	0.9617287262985382	0.011350965170344465	-0.04871849044992093	0.05002335176712382
1.6	0.07069886788918342	0.9934986712584719	0.09135331913780464	0.9870396097923493	0.008345428917493585	0.9649521006129312	0.1948389723593875	-0.07897502179121119	-0.9554280245217698	0.9586864785259537	-0.00376096736887959	0.04178949247047509	0.04195839077573962
1.65	0.0816060740195279	0.9908484054137064	0.1246841313049166	0.9817805625108847	0.015546132599261683	0.9594430386429955	0.22416679390187338	-0.08344955987531766	-0.9470766000137086	0.9507459783438006	-0.014157788474099783	0.05274247412701323	0.05460962874362005
1.7	0.09712282974069694	0.985782783488847	0.1630333894416477	0.971767696223019	0.02657988607283196	0.9513530754018132	0.24706139638504884	-0.0876238672610884	-0.9339419261467243	0.9380434230505762	-0.026378377869213685	0.060410938311019916	0.06591889172785656
1.75	0.11712574551955776	0.9783283231625863	0.2044168982854358	0.957126307902118	0.041786268304638205	0.9406837884350299	0.26516800411440056	-0.09139705975397883	-0.9162068157182975	0.9207542298031189	-0.04275738303807679	0.06549249853278001	0.0782142005541897
1.8	0.1415032031575278	0.9685199679984827	0.24742322946223116	0.938030928411782	0.0612182544775199	0.9274324157635194	0.2803103436625923	-0.09467967739194183	-0.8941046070738754	0.8991036034305342	-0.06358664022374629	0.06891462295141904	0.0937682572701466
1.85	0.17016036799415643	0.9564016271555347	0.29113695556365543	0.9147040724257544	0.08476072689487388	0.911585638834698	0.29374632103854914	-0.09739071747889572	-0.8679309357826871	0.8733779600720785	-0.08884734033260668	0.07140333975850499	0.1139837129279729
1.9	0.20302427822293256	0.9420270952487545	0.3349579685692987	0.887415048182806	0.1121968407080713	0.8931091017175264	0.30630664174247363	-0.09946027493852438	-0.8380474833428775	0.8439288658578857	-0.11838647378061382	0.07345802937681402	0.13932494124934283
1.95	0.2400473701431056	0.9254616833868224	0.37846822114808054	0.8564793274171711	0.1432381944189924	0.8719289835729893	0.31862476614190816	-0.10083807198775185	-0.8048839439903436	0.8111759858721519	-0.1519600127036788	0.07543998701768544	0.16965564270642686
2.0	0.2812074689336648	0.906785229731803	0.4213513726397101	0.8222594528597587	0.17753697922536785	0.8478979609619044	0.3313210312085059	-0.1015079951319563	-0.7689367219648842	0.7756078619133582	-0.18923956481483778	0.07764284658624256	0.2045483427391285
2.05	0.3265022858270693	0.886097950694123	0.46334371239191074	0.7851695782243244	0.21468739581311772	0.8207285266661777	0.34517447615841823	-0.10150851269150185	-0.7307604672210347	0.7377769572180645	-0.2298030813662401	0.08032945723356667	0.24343844787719582
2.1	0.37593679024513066	0.8635326408176093	0.5041977273778567	0.7456886217574342	0.2542153482929955	0.7898528348820519	0.36135329878034633	-0.10095605536780916	-0.690946664195811	0.6982831931807802	-0.2731187826045551	0.08373832285296941	0.2856675972623118
2.15	0.4295023213453184	0.8392826594501993	0.5436402743010992	0.7043953824537992	0.2955447478421744	0.7541028593286496	0.38182281685491676	-0.10006278854277434	-0.6500842282135358	0.6577401199736447	-0.31853311068869816	0.08806221046943707	0.33048191405549243
2.2	0.4871468535462744	0.8136749941779438	0.581291476155538	0.6620669961504768	0.3378997802510844	0.710915941938169	0.41015755495009115	-0.09913434936692228	-0.6087039242240627	0.6167236711771136	-0.3652780039594544	0.09340525920607297	0.37703124886931705
2.25	0.5487365714868004	0.7873974034064826	0.6164329069953948	0.619994670891271	0.37998952882679304	0.6543316238946297	0.4529394503303628	-0.09853435500404834	-0.5672215986935963	0.5757163895014481	-0.4125110200940938	0.099736021044099	0.42439676670867654
2.3	0.6140103694005039	0.7623793378482832	0.6471240629230433	0.5812222547779867	0.41876955281402684	0.5737226878366579	0.5170790548710631	-0.09861708085404441	-0.5259054922338591	0.5350718787208975	-0.45938701053795294	0.10686299206810991	0.4716525463990905
2.35	0.6428028268907742	0.7455308415441271	0.6664622201549586	0.5558162356934944	0.4441718908938765	0.5361508428161176	0.5344344366822752	-0.5051390627360464	0.11445216005443204	0.5179428246852896	-0.09965057596685092	-0.484886475990461	0.495020334823705
2.4	0.5645959710666609	0.7506729967874064	0.6606517527749135	0.5635099481057855	0.43646073844456545	0.7083276356684622	0.28305006280512485	-0.5491385305498021	0.12208311682694462	0.5625454765159679	-0.1017603057768323	-0.4442073968684774	0.4557141332726728
2.45	0.4943973467455088	0.7721365639205728	0.635406095852248	0.5961948733430689	0.4037409066461962	0.7821311366587294	0.05672877681112079	-0.5909173863974259	0.12932089452056766	0.6049026792025015	-0.1049099399598208	-0.4038884941410216	0.4172912786074917
2.5	0.43200056502457673	0.7975209392155047	0.6031901995885119	0.6360396484871808	0.36383841687962887	0.8070246816133012	0.061208095434674016	-0.630156539728325	0.13577988238279864	0.6446188339028442	-0.10891543311737768	-0.3639851306896324	0.3799312397451607
2.55	0.37717104710699206	0.8228651927011051	0.5680517821312966	0.677107125359027	0.32268282718254204	0.8239270258191009	0.13176080797280207	-0.6666542363222037	0.14116813853218038	0.681436948031864	-0.11347801254530927	-0.3246260733869486	0.34388856749514357
2.6	0.3296677474860601	0.8470015205454049	0.5312712022225076	0.7174115758062279	0.2822490903109485	0.8388555284635422	0.1809602336314459	-0.7002873191202781	0.14531147684896242	0.7152046942132669	-0.11822295971068968	-0.28603162132831483	0.3095008184196931
2.65	0.2892575172507406	0.8694734025997654	0.4934478905618401	0.7559839978284136	0.2434908206999297	0.852435672525005	0.2188794897705611	-0.7309726259192203	0.1481610403262919	0.7458368948461919	-0.12273654883778327	-0.2485151785313844	0.2771715251989198
2.7	0.25572383025213674	0.8900539490976676	0.4549881261736144	0.7921960323043534	0.20701419495897685	0.8644965975037504	0.2498576830103403	-0.7586320263312715	0.1497877556343478	0.7732780373924155	-0.1265973686745208	-0.21247148192381998	0.24732776711525276
2.75	0.22887138356830597	0.9086093530268442	0.41624945656378237	0.8255709564078604	0.17326361008964414	0.8747903213363742	0.2758768265955046	-0.7831637007524369	0.1503659116810498	0.797468049248323	-0.1293995651817964	-0.1783534300158956	0.22035016103391653
2.8	0.20852770466148607	0.9250515010558311	0.3775976273090457	0.8557202796056463	0.142579968149421	0.8831061849924173	0.29777907431485967	-0.8044226713681331	0.1501482261823203	0.8183155406301047	-0.13076629948063487	-0.14663942061428653	0.19647632111262855
2.85	0.19454250297252326	0.9393188573170349	0.33943599647403566	0.8823199157113801	0.11521679570232154	0.889279172020957	0.3157509600888172	-0.8222133341347246	0.14943605043875077	0.8356828944041353	-0.13035465255176626	-0.117794238342408	0.1756923960464986
2.9	0.18678514259410195	0.9513678719391488	0.30222244194799	0.9051008277580247	0.09133840441700616	0.8931808027736923	0.329535923898857	-0.8362949285187916	0.14854922260098113	0.8493857068503134	-0.12786011460922317	-0.09222748483913404	0.15765188824633972
2.95	0.1851402838802778	0.9611688252610784	0.26647382634658917	0.9238455106537614	0.07100830012779216	0.8947093686582448	0.3385599733382694	-0.8463982627909754	0.1477989647390394	0.8592057688548843	-0.12303859535603835	-0.07025367006649516	0.1416830057028679
3.0	0.18950142265059128	0.9687037399074896	0.2327501024087626	0.9383869357107573	0.05417261017128947	0.8937821037166203	0.34207714174501025	-0.8522499954554436	0.14746433243806295	0.8649137437312504	-0.11576954814773266	-0.052060966531074386	0.12693672642100015
3.05	0.19976171675500234	0.973965350013826	0.20160706779261295	0.9486085030275546	0.04064540978393524	0.8903290810609792	0.3394091157615813	-0.8535991897479517	0.14777055332726463	0.866295396022053	-0.10616954589163326	-0.037720913647938496	0.11267137969010077
3.1	0.21580110652098763	0.9769566708481304	0.1735157984080511	0.9544443367146622	0.030107732297183425	0.8842881951620772	0.33029673929385756	-0.8502316919191075	0.14886705153487212	0.8631658757019501	-0.0947213934210712	-0.02750159831505127	0.0986330587658711
3.15	0.23746830656911855	0.977690964430582	0.14900928122567522	0.9558796219292016	0.022203765891392366	0.8756006292778294	0.31958534175385755	-0.8407746592929038	0.1498137317919298	0.8540176707437164	-0.07001410474653617	-0.05525323109132954	0.08919021476311628
3.2	0.26455583768946045	0.9761920287912992	0.17413840531545288	0.9529508770756727	0.03032418420580895	0.8642062881555604	0.375452249673403	-0.831374482799138	0.14772223761991762	0.8443964650192287	0.08270888131033818	0.02649979904700101	0.08685043694270654
3.25	0.2967661165384966	0.9724948243375435	0.20452618166128972	0.9457461833633096	0.04183095898494688	0.8500387181011939	0.4137020773108594	-0.8145690032522577	0.14922689180377519	0.8281251875754004	0.0944209703091279	0.040340372775763786	0.1026774819997296
3.3	0.333667359808187	0.9666465271139456	0.23728922485068774	0.934405508381452	0.05630617623024024	0.8330190435335445	0.4486485351991164	-0.7937023211767267	0.15000558238708536	0.8077530868951306	0.10456171992073925	0.05721685834247458	0.1191927940412755
3.35	0.3746411117029997	0.9587081916810287	0.2718210307199332	0.9191213967963081	0.07388667274164686	0.8130484692661677	0.48025059205101406	-0.7691266050724427	0.14983307798779727	0.7835851490996741	0.11309871784929011	0.07812017294762562	0.13745574342500305
3.4	0.4188312015946286	0.9487573460157586	0.30752233592844197	0.9001405016188658	0.09456998709488551	0.7899990673902672	0.50887366052423	-0.7412643171125646	0.14849520062762708	0.7559918071208153	0.12024151039449252	0.10338187769680765	0.15857437831524532
3.45	0.46512003171805877	0.9368920756288225	0.3438388089791759	0.8777667613760832	0.11822512656021822	0.7637032765323717	0.535058778178524	-0.7106391173039978	0.14581092909905735	0.7254438517813322	0.12639308636159163	0.1331046218272744	0.1835539501939157
3.5	0.5121805587914512	0.9232375738111296	0.38026851216981733	0.8523676176966609	0.14460414134784652	0.7339449247880544	0.5593827721526669	-0.6778920534331426	0.14166340324408155	0.6925360322225104	0.1320825202404554	0.16721432236308434	0.21308782639187954
3.55	0.5586601957602129	0.9079569159078233	0.4163483452598718	0.8243857611448462	0.1733459446006334	0.7004620150309508	0.5823771975854963	-0.6437825307974681	0.13605143711018647	0.6580014745422231	0.13792096602993897	0.20544328834281259	0.24744522140413142
3.6	0.6034971221970007	0.8912693099494411	0.4516261566577095	0.7943609828577529	0.20396618537741396	0.6629941985664365	0.6044501025319154	-0.6091537913399024	0.12915926678212938	0.622696119868652	0.1445517338255279	0.2472804137401	0.2864311553784632
3.65	0.6462305188275802	0.8734819700909728	0.48561801248755176	0.7629707520740072	0.23582485405235998	0.6214772128728053	0.6257213316485749	-0.5748399634454742	0.12141826990088289	0.5875230887715969	0.1525582681680767	0.2919224551723967	0.32938236901862666
3.7	0.6870747789348887	0.8550472239646787	0.5177414605432183	0.7311057552097034	0.26805621996542495	0.5766962679807548	0.6455913549344899	-0.5415182943633838	0.11350689325608443	0.5532864339082213	0.16232456034359027	0.3382832116439976	0.37521299840346356
3.75	0.7266713915447215	0.8366654380402255	0.5472049340495453	0.7000090552110425	0.2994332398481672	0.5322863375156462	0.6616342446502804	-0.5095671555237291	0.10624404553678352	0.5205251993905449	0.17390373756491234	0.38510691777017053	0.4225515921795666
3.8	0.6887083083132108	0.8194608301339581	0.5728262025076348	0.6715160521238357	0.32812985827931784	0.49987962004319647	0.6670154221046342	-0.4790194459948057	0.10040364641697924	0.48942877097183035	0.18698225964269094	0.43115902672712336	0.4699579467881855
3.85	0.6170582870412894	0.805215074691086	0.5927946848566678	0.6483713165097712	0.35140553839431604	0.5056838570579351	0.6460452601763125	0.20096893492964818	0.47539669931702755	0.5161303464516318	-0.4496414347581462	0.09654849379511612	0.45989023854118694
3.9	0.551039903345272	0.7963919643771888	0.6046440431710371	0.6342401609245576	0.36559441894221906	0.5746258892098277	0.5737565628309277	0.21514676530357113	0.5170431077310418	0.5600193799081989	-0.42107526277151514	0.09495959598982741	0.4316499760090944
3.95	0.4910367576537777	0.7952195393929976	0.6061683652117968	0.6323741158324113	0.3674400869835423	0.6820142330083581	0.43790790501580923	0.22880575318935703	0.5555706296527834	0.6008417405817768	-0.39296320268460255	0.0956560269198404	0.40443807208301896
4.0	0.43732022808556414	0.8019031749913148	0.5972082182787484	0.6430487020611513	0.35665765597967714	0.7709930514792906	0.2685385933850936	0.2413213621425916	0.5906426719470056	0.6380397838309566	-0.3650182495282608	0.0984556462708895	0.3780632708572656
