time	rate	mx	s1	s2	s3	s4	lambda1	lambda2	lambda3	lambda4	o11	ood	tf1_re	tf1_im	tf1_abs	tf2_re	tf2_im	tf2_abs	I12	I13	I12_3	I12_4
0.0	2.220446049250313e-16	1.0	1.0	0.0	0.0	0.0	1.0	0.0	0.0	0.0	0.9999999999999998	0.0	0.9999999999999998	0.0	0.9999999999999998	0.0	0.0	0.0	-2.2204460492503126e-16	-2.2204460492503126e-16	2.2204460492503126e-16	2.2204460492503126e-16
0.05	0.0012538519975362418	0.9950390163466749	0.9993833769181701	0.03511219075527288	0.0	0.0	0.9987671340603653	0.0012328659396346703	0.0	0.0	0.9993725886327928	0.005391660406678967	0.9983049735569204	-0.030024583823030346	0.9987563746290833	3.476579712031439e-5	-0.0022768170032664735	0.0022770824155073383	0.01541578656586054	0.0006923324496269923	0.017197899997922927	0.0010014308986965245
0.1	0.004961429315256558	0.9804836567973139	0.9975420027125603	0.07007077776420129	0.00019730112565129136	0.0	0.9950900471757858	0.004909913896480086	3.892773418326666e-8	0.0	0.9975192399530024	0.010337633510949492	0.9932614742699266	-0.05992474948414472	0.9950675011624114	0.00021897784953207934	-0.00903946327710855	0.00904211521917188	0.04682300695812368	0.0030171058805585904	0.054399247602507826	0.004318363813784809
0.15	0.011043846287711523	0.9569497955185947	0.9944570102893032	0.10513990994653097	0.0007443083717993994	0.000547748066692888	0.9889447453135394	0.011054400663564641	5.539949523306729e-7	3.000279445657965e-7	0.9944839521424139	0.015284829609675083	0.9849042532627271	-0.08960579491318998	0.9889719847280988	0.0006292180106832457	-0.020095008604873326	0.020104857277158203	0.08456610517847452	0.007409659008325853	0.10297083436406412	0.010610827273598994
0.2	0.019356559831029824	0.9254731040164657	0.9901086724111213	0.14028223558887432	0.001921602176551117	0.0014207731232530167	0.9803151831837131	0.019679105621812437	3.69255492492599e-6	2.018596267758132e-6	0.9903437700418976	0.020144967028543282	0.9733086237579441	-0.11893774382369147	0.9805487565580068	0.0013277727283552655	-0.03518832264714288	0.035213364382540795	0.12239857112871888	0.013809116874919924	0.15748866327219013	0.02016431297126081
0.25	0.02971124661268305	0.8873578684825878	0.984471109513912	0.1754832433110031	0.0038461787164835387	0.0027335499725824075	0.969183365467553	0.030794368682948714	1.4793090719130962e-5	7.472295452605281e-6	0.9851944376522924	0.024876728079500223	0.9585737011174632	-0.14776924685863077	0.9698965361270235	0.0023092917272706224	-0.05397487960917454	0.054024258043091404	0.15588791756896442	0.021684271531502264	0.2137672875838974	0.03275642206703833
0.3	0.041872042103075095	0.8441238523721023	0.9775232404959645	0.21067499356894023	0.006598869724843908	0.004562029295591674	0.9555516857097313	0.04438395291527301	4.354508164546152e-5	2.0812111293836665e-5	0.9791489677577385	0.029461982132237562	0.9408347498805673	-0.17592849813008213	0.9571420286650962	0.0035061957858667477	-0.07604453016686881	0.07612531758349944	0.18213711003158117	0.03020280815127485	0.2683038096344343	0.047626876724966016
0.35	0.05558826891239778	0.7973294317193816	0.969243578997947	0.24579250190616864	0.010245038806307361	0.006924475847566927	0.9394331154287495	0.06041395399329391	0.00010496082014274376	4.7948365763537705e-5	0.9723196176817154	0.03390317719265976	0.9202434510577404	-0.20322236558127693	0.942415693357825	0.004784592582368228	-0.10096255329286477	0.10107586009326763	0.19975840979975007	0.03855189769956302	0.3182389630908592	0.06366154320041384
0.4	0.07059069877251241	0.7485417745647247	0.959624833213577	0.28072148649841505	0.014811836784384783	0.009805731724496154	0.9208798205201856	0.07880455298187983	0.00021939050892725415	9.615237465279032e-5	0.9648194093044102	0.038213680446024925	0.896985602160855	-0.22944532445926102	0.9258662578364584	0.0059541346438659335	-0.12826906188284262	0.12840718031193502	0.20864273732936212	0.046163515139486355	0.36125293378705925	0.0796350098416787
0.45	0.08662306795472836	0.699208297226027	0.9486709552439856	0.3153380340044761	0.02029241013642372	0.013163974387981186	0.8999765813235361	0.09943807568980811	0.0004117819091448321	0.00017329022168742462	0.9567488608307575	0.042417661581178615	0.8712665265527229	-0.2543848186289084	0.9076436504708822	0.006784774395249763	-0.15750865122000565	0.1576547124977234	0.2097135952090311	0.05277084897449269	0.39567944291863344	0.09449140291478408
0.5	0.10345544308049703	0.6506129877410327	0.9364026009905353	0.3495029933990416	0.02664852975103089	0.016938617165494926	0.8768498311418397	0.12215234239489053	0.0007101441378915785	0.00028691675147919936	0.9481930099571705	0.04655182985359437	0.8433131891843034	-0.2778314834435797	0.887900595925389	0.007022290771823702	-0.18823664766880518	0.18836758769298378	0.20456071388714847	0.05827441097838093	0.4205571184947092	0.10753482583546181
0.55	0.1209078314903979	0.6038195065637373	0.9228538184300968	0.383083040306387	0.03380875904999466	0.021053321402409453	0.8516591701910101	0.14675261577038493	0.001143032188500596	0.0004432423420731519	0.9392142000917255	0.050664574601391135	0.8133633145062206	-0.2995857779463434	0.8667822793137046	0.006404453886812857	-0.22003827465389683	0.22013145922891633	0.19507403022009429	0.06254214378014811	0.43569607865563287	0.11849794673365843
0.6	0.1388518398235261	0.5596806528866933	0.9080749605795334	0.4159455612611664	0.041686358983622905	0.02543437505291621	0.8246001340315211	0.1730107099328667	0.001737752525311478	0.0006469074343324066	0.9298535851012082	0.054822534145132995	0.7816673975091774	-0.31946792363253007	0.844430976787831	0.004677496272479597	-0.2525252506227835	0.25256856727130295	0.1831105854078443	0.06530231821101018	0.44163578817966975	0.12748384139180846
0.65	0.15721728289120163	0.5188343189220341	0.8921281778081736	0.4479734380528492	0.050169935791347736	0.030006617575329738	0.7958926856393321	0.20068020120088995	0.002517022457307955	0.0009003970983120876	0.9201288570214996	0.059104325800691936	0.7484804520352161	-0.33732238018557076	0.8209807398793836	0.0016073581417456633	-0.28534488213440795	0.2853494092520519	0.1702682899414769	0.06618002905454379	0.4395724452370857	0.134803415674418
0.7	0.1759794432751202	0.4817430872767805	0.8750891715352777	0.4790588755837885	0.05913970136309609	0.03470463232446636	0.7657810581382986	0.22949740627560375	0.0034975042773161898	0.0012044115047763954	0.9100378937272872	0.06362167499625851	0.7140638112361694	-0.35302623424542373	0.796564277747018	-0.00300954168501282	-0.31817135624815135	0.3181855893624692	0.1577610237850403	0.06487881359342307	0.43117207501525234	0.1407952888873576
0.75	0.1951579594883926	0.44869997735743494	0.8570352556606693	0.5091236369852857	0.06846787759770716	0.039475264788632766	0.7345094294453488	0.25920687773712503	0.00468785026273461	0.00155829653013267	0.899552918860088	0.06853749190658616	0.6786694233270045	-0.36648550152381903	0.7713000771335201	-0.009340903948890214	-0.35072037377667353	0.3508447421134197	0.14639046720334736	0.06135510072564143	0.4183634807918313	0.14568174462811245
0.8	0.21479266104922948	0.41988240890701506	0.8380479246561829	0.5381072394218482	0.07802200036477643	0.04427796574371835	0.7023243240205352	0.2895594011182023	0.006087432540921173	0.001960538250401896	0.8886221934142924	0.074101322037282	0.6425441531329297	-0.3776407455029196	0.7453023020153062	-0.01751378002018779	-0.3827352931880366	0.3831357946503144	0.13660091180713585	0.055893056125449814	0.40309870572250817	0.14951526670941573
0.85	0.23492533134987167	0.39538321175095525	0.8182109762730033	0.5659648752166134	0.08767261050623089	0.04908592857941394	0.6694692016936212	0.3203162399789568	0.007686486632977267	0.0024094283845033262	0.8771599562701953	0.08073739180962101	0.6059270870937162	-0.3864652755451487	0.7186814621764386	-0.02761437795062646	-0.4139829975895054	0.41490297198597226	0.1285671912784352	0.04904149264934565	0.3871447703682318	0.152220694740121
0.9	0.2555868400913176	0.3752354205121989	0.797610290781058	0.5926645817756593	0.09729187211925817	0.05388324942015668	0.6361821759598439	0.35125130649131714	0.009465708380470086	0.0029034045680748155	0.8650160849946995	0.0892296076701865	0.5690458547868839	-0.3929650552427643	0.6915451680780397	-0.039688164807507434	-0.4442511698920185	0.446020461835794	0.1222898755148294	0.041464785717168384	0.37193937331034865	0.15369247787767293
0.95	0.276790692425535	0.3594257699803334	0.7763366403639492	0.6181799014359589	0.10676163854715047	0.05866451594244913	0.6026985791715839	0.3821463905393719	0.011398047465272405	0.0034415254307618684	0.8518741314152295	0.10125154250955265	0.5321104536473354	-0.39717312227266593	0.6639939939009925	-0.05373985312070059	-0.47334731591240453	0.476388133033257	0.11767437046875973	0.03380495166387698	0.3585062157257197	0.15389382432747767
1.0	0.2985264954959967	0.34790871048161437	0.7545087530500179	0.6424616607173282	0.11597516938446692	0.0634353291827973	0.5692834584290928	0.4127569854916674	0.013450239913755793	0.004024040988529856	0.836864189917845	0.12109057621159335	0.49531278001036694	-0.3991464117672691	0.6361231076358448	-0.0697354982021962	-0.5010940049563092	0.5059231577153414	0.11458592847218352	0.026606166001545306	0.34744180855269136	0.1529066203814975
1.05	0.32076130069796777	0.3406122956587314	0.732382146284185	0.6653267066947186	0.12483620194874633	0.06821017513852183	0.5363836081958293	0.44265962664124014	0.015584077316988175	0.004652627992427822	0.8162931309589679	0.16367182026851504	0.4588243482440905	-0.3989600734051068	0.6080204953067146	-0.08760517076815945	-0.5273308051049806	0.5345581764017696	0.11288032895926281	0.020303840154408448	0.3389557375998975	0.15092472583339922
1.1	0.34344696357537496	0.337440851212972	0.711568000895966	0.6852355098796143	0.13326628214324676	0.07301294457131109	0.5063290198990814	0.46954770399997503	0.01775990195628345	0.005330890074973346	0.7554449373247308	0.31433755895775134	0.4227983593658676	-0.3967019647531792	0.579767972141875	-0.10724674449508163	-0.5519137599527882	0.5622371942783733	0.11241577572217443	0.01524295378764462	0.3329365321199178	0.1482103934251855
1.15	0.36652590925007755	0.3382703552886766	0.7128607487793724	0.6814643905332138	0.1411992779478628	0.07788247180943464	0.5081704471502876	0.4643937155648046	0.019937236092997815	0.006065679415147381	0.8051574009131798	0.18015912688454316	-0.12853194469133078	-0.5747180868686564	0.5889153930575289	0.38737107359778267	-0.39246753123268263	0.5514409412912461	0.11305353632291326	0.011684357640777243	0.3290382908581104	0.1450402926393548
1.2	0.38994851406521513	0.3429460725276344	0.7312297555777206	0.6591132176143683	0.1485863540104887	0.08287085527689012	0.534696955442253	0.43443023363396555	0.02207790459813027	0.006867578654323267	0.8389658203866338	0.04063671415775942	-0.1513131986536651	-0.5956395551190907	0.6145585112170133	0.35266703230760554	-0.38635593621353276	0.5231108344548878	0.11465240899856122	0.009787752143785244	0.32675854586368125	0.14165786049824014
1.25	0.3570107265213599	0.3512789812386278	0.7498018948293338	0.6351234198725395	0.15539428168555178	0.0880465931491669	0.5622028814896594	0.4033817584705901	0.02414738278056861	0.007752202565174922	0.8525577694163559	0.013765336933439886	-0.17543011128602004	-0.614591386134429	0.6391387140961374	0.31880684936051207	-0.3784713899291431	0.49485189723196343	0.11705944298590687	0.009585342465544322	0.32550761020320973	0.1382403528653462
1.3	0.3215019454469647	0.3630385384808455	0.7675441448984877	0.6105975927000176	0.1616035168571695	0.0934889692039117	0.5891240143679506	0.37282942021105653	0.026115696660605467	0.00874018736280995	0.8638833877799489	0.03057790373285649	-0.20071673991877848	-0.6315038040458674	0.6626343367257871	0.28590860450278655	-0.36892414944872787	0.46674271089669744	0.12010010742005961	0.010968910464789428	0.3246669797784669	0.13488520917590674
1.35	0.2897178569388661	0.3779465689142934	0.7843020327716125	0.5857616880446689	0.16720992178403346	0.09928207707473742	0.6151296786096835	0.34311675518094	0.02795915794302259	0.009856930828274102	0.8742681446024999	0.04541275770794417	-0.22700449372063058	-0.6463166531512402	0.685022814444877	0.2540917015128674	-0.3578353520070447	0.43887211340401855	0.12356606933328718	0.013704175777162542	0.32363465808551095	0.13161337038936205
1.4	0.26133012084425233	0.39567479497166774	0.8000283353138522	0.5607392013285134	0.1722221420621622	0.1054967720673738	0.6400453373050535	0.31442845190653906	0.029660466216479574	0.011129568916635421	0.8839466434016626	0.057572064580000845	-0.25412222208374124	-0.6589776322323524	0.7062787151962997	0.2234762626428795	-0.34534079320812827	0.4113415897018541	0.12720748513495228	0.017469038329291253	0.321865785909216	0.12839096852876808
1.45	0.23604439718668338	0.41583970797350794	0.8147053115786207	0.535626048771676	0.176664100035648	0.11218051925126449	0.6637447447144175	0.2868952641227578	0.031210204241405446	0.012584468899483323	0.8929818148614854	0.06819052218890057	-0.28189922790348165	-0.6694420208102452	0.7263744171700184	0.19417430139832148	-0.33158306649087904	0.3842538084482975	0.13072920695515	0.021902121761935067	0.3189079069475591	0.1251594936676479
1.5	0.21361018444156826	0.4380026405742828	0.8283202681609856	0.5105236211477677	0.18057227464866843	0.11932791007468459	0.6861144666462871	0.26063436774982945	0.032606346371794145	0.014239150122792012	0.9013895731375481	0.0778734538366972	-0.3101587783171864	-0.6776644751393792	0.745270158152827	0.16629713701817023	-0.3167276634513771	0.3577305558319122	0.13379731041387388	0.02664676465017113	0.314428917798268	0.12187340271501923
1.55	0.19380310984346533	0.46167939801210706	0.8408732836933478	0.485519048910524	0.18400499863930353	0.12689277735534263	0.7070678792292333	0.2357287468549798	0.033857839524250095	0.016101776944952555	0.9091707522421643	0.08694679928971494	-0.3387257760454896	-0.6836121210717971	0.7629290159863502	0.1399335244282395	-0.3009351896492576	0.33187856156754586	0.1360583665140258	0.0313887158773527	0.30823763885577016	0.11851659613287291
1.6	0.1764369501941194	0.4863463199891414	0.852365574104188	0.4607053463758538	0.18704606235987803	0.13477653930979003	0.7265270719179621	0.21224941617929544	0.03498622944433538	0.018164715548323378	0.9163152083600223	0.09557569963865485	-0.3674192783334289	-0.687255556964471	0.7793055412799289	0.1151617853355713	-0.28437749356195097	0.3068106837224768	0.13716636491998013	0.0358751703470237	0.300283996931918	0.11511023881193272
1.65	0.16135726483142665	0.5114440016666486	0.8628025469074683	0.43617501351071186	0.18982532434983695	0.14282366679405445	0.744428234950014	0.19024864241106967	0.0360336537645208	0.020398599796499092	0.922805004395139	0.10384249187462485	-0.3960575121840113	-0.6885719976983712	0.7943506461076959	0.09203992986607315	-0.2672259162331219	0.28263233890760475	0.13682413125592796	0.03992291534130965	0.290659074983175	0.11169725823731369
1.7	0.14843086360527558	0.5364004632273442	0.8721947451729256	0.4120159515436452	0.1925530040910335	0.1507999109152452	0.7607236735072647	0.16975714432641537	0.037076659384481556	0.022740613132045888	0.9286189757144997	0.11177256026202696	-0.42445962645747026	-0.6875503155456278	0.8080169620121274	0.07060319295405137	-0.24964398569424825	0.2594357925356812	0.13482392704193968	0.04340809987523664	0.2795637618492104	0.1083125817431958
1.75	0.13754170091177845	0.5606480364191609	0.8805568739650059	0.3883118881555638	0.19557274066187816	0.15834324637395217	0.7753804082870234	0.15078612248293907	0.03824869688999825	0.025072583672242115	0.9337343143446976	0.11935345492648028	-0.45244828857630104	-0.6841911652962006	0.8202603272772594	0.05086295937535945	-0.2317859832078838	0.23730103802567923	0.1310838231867969	0.04624078378937779	0.267276096510666	0.10495327875626925
1.8	0.12858460127218196	0.5836435874899586	0.8879067672043849	0.3651390913601035	0.19940718881863054	0.1649278156070095	0.7883784272473418	0.13332655603928198	0.03976322695254897	0.027201184360899727	0.9381288969449071	0.12654467910577907	-0.4798512010235334	-0.6785084151123296	0.8310420233068679	0.03280267811798226	-0.2137909443430146	0.21629281905507153	0.1256691792202972	0.04833394874799324	0.2541113113634257	0.10156230734197891
1.85	0.12146091969335474	0.6048832348858131	0.8942637906033155	0.34257083505897373	0.20465157933367673	0.16996812329051877	0.7997077271842106	0.11735477703300258	0.04188226892376818	0.02888916293490099	0.9417818209129595	0.13327632233135556	-0.5065035783059083	-0.670527005925499	0.8403287097987927	0.016377872428711582	-0.19578773019966464	0.19647155010847708	0.11879724106012768	0.049583285875183125	0.2404038340145367	0.09803645881054845
1.9	0.11607509342401613	0.6239181550628702	0.8996476418672901	0.3206748335133762	0.21162996211816315	0.17316335084031736	0.8093658795173758	0.10283234884883156	0.04478724086613517	0.02998554607424684	0.9446750038903179	0.13944449500949596	-0.5322488367964352	-0.6602834981187743	0.8480938168381631	0.0015016374510605052	-0.17788512830201667	0.17789146631038646	0.11082324501489349	0.049868444638206055	0.22648418234274525	0.09425451490846992
1.95	0.11233029726270227	0.6403718547974836	0.904080055841459	0.2995162763550157	0.22018897021417053	0.17469236178228986	0.8173607473702956	0.08970999980157414	0.048483182603976875	0.030517421265074448	0.9467941219023355	0.1448879923481174	-0.5569407096934766	-0.6478289393919011	0.8543215371436617	-0.011991852563635974	-0.16015844759227643	0.16060676468653473	0.10220876885665464	0.049083463754566736	0.21268361190289675	0.09012132648255289
2.0	0.11012931575252279	0.6539415987683665	0.9075820805429831	0.2791609718443174	0.22995071224732916	0.174964710289065	0.8237052329227298	0.07793084820106376	0.05287733006305398	0.030612649846536444	0.9481279330858813	0.1492818462741063	-0.5804466491844299	-0.6332283125290239	0.8590089687178987	-0.02453843533678189	-0.1425514699236105	0.144648043146665	0.093473265492794	0.04718254553201151	0.19934045712176474	0.08560260549844001
2.05	0.1093753378735933	0.6644051401521122	0.9101745085083901	0.2597076614374352	0.240553710817044	0.17434528581911343	0.8284176359384895	0.06744806940930145	0.057866087787850025	0.030396278687348354	0.9486680523335526	0.15103958217877397	-0.602689600208683	-0.6165918278824909	0.8622182069587567	-0.038959247837882946	-0.12351863592841016	0.12951708927283967	0.08514351601815118	0.04422539144358284	0.18681160234873295	0.08074484168097795
2.1	0.1099735884612278	0.6716138723807432	0.9118767889972578	0.25217603185975795	0.2408316328680333	0.1730888867458246	0.8315192783119494	0.06359275104453366	0.05799987538988318	0.029959762714908893	0.9484068872782756	0.10328991832847609	-0.6229872378012142	-0.6004408758904461	0.8652412056203015	-0.1440876321204838	0.12428107008351771	0.19028144972958377	0.07770432713764486	0.04039828849076854	0.1754749779934469	0.07567077060265792
2.15	0.111831504261814	0.6754957292570096	0.9127091204034279	0.26394573258097254	0.22334288350588868	0.17136815248162585	0.833037938467599	0.06966734974770626	0.04988204361272496	0.029367043684965767	0.9473376595406939	0.12221111473771193	-0.6418929668411631	-0.5799196870324916	0.8650626707285511	-0.14365336614861135	0.1376751626190567	0.19897421945571417	0.07156198706154027	0.03600534058816929	0.16571993044111077	0.07056007597335556
2.2	0.1148623542276036	0.6760430346392051	0.9126907567079403	0.27628921105047227	0.20681950489983947	0.16930136925529748	0.8330044173801127	0.07633572814289241	0.04277430760701472	0.02866295363171859	0.9454520303839619	0.13703201407260984	-0.6592523757133808	-0.5576717121296335	0.8634879462930177	-0.14835040202282418	0.14943533188475583	0.21056770929048138	0.06701911537247252	0.03142492475976688	0.15791973168954443	0.06561864485978175
2.25	0.11898557262599095	0.6733069359269168	0.9118418702728507	0.2890509855525797	0.19150163569091014	0.16694284280636515	0.8314555963826903	0.08355047224891764	0.036672876472294065	0.027869912764270744	0.9427388239871431	0.15153745546130346	-0.6748111150817124	-0.5338262302433421	0.8604304069090317	-0.15373389893191805	0.16106794594861543	0.2226589205329876	0.06426476981348261	0.02704959883100555	0.15239245822957814	0.06105315423029278
2.3	0.12412680262857984	0.6673924632694935	0.910182762443255	0.30217389530397043	0.17780371069033463	0.16411309965043455	0.8284326610488348	0.09130906300317489	0.03161415953525221	0.02693310947687346	0.9391834872839085	0.16618312605985028	-0.6884615617087548	-0.508520332874306	0.8559043468151407	-0.15932411323529105	0.1727140395573697	0.23497725957725465	0.06337324358738017	0.023222681397824352	0.14935845726172092	0.05704732581337191
2.35	0.13021676010237146	0.658451236518114	0.9077345358705174	0.31561277004405625	0.1677165272658991	0.15912846800249206	0.8239819876120638	0.09961142061488233	0.02812883351813308	0.025321869328820138	0.934766232280239	0.18113708841394197	-0.7001147555755323	-0.4818991992541155	0.8499338263749391	-0.16497957096904098	0.18447196377521852	0.24748366462498966	0.06431198822589801	0.020192840208405616	0.1489082261732937	0.05374901281601163
2.4	0.13718767046996366	0.6466808566914498	0.9045202453230269	0.3293232574233077	0.1636910177146308	0.15004837093793857	0.8181568741992288	0.1084538078798982	0.02679474928045157	0.02251451362112921	0.9294627951286645	0.19648715771604952	-0.7096948236054806	-0.4541156149488267	0.842548357302277	-0.17063221181376786	0.1964123592147008	0.26017910477350636	0.06695072336812913	0.018091792048070654	0.15098394683086314	0.051261963821645606
2.45	0.14496919166944158	0.6323208881577754	0.9005635212778286	0.34326409537761104	0.16231930766593058	0.14132469191304792	0.811014655856322	0.11783023917540965	0.026347557641147032	0.019972668544317913	0.923243362986893	0.21228864572084177	-0.7171363427770094	-0.4253285965650171	0.8337799165172735	-0.17624021086804628	0.2085930050266225	0.273078109105893	0.07107494350033483	0.016943639444841785	0.1553908035579179	0.049648194547149194
2.5	0.15349122145346408	0.6156478091314932	0.8958908274402516	0.3573851375196185	0.16247698034179966	0.1359348362772331	0.8026203746915787	0.1277241365199166	0.026398769140989556	0.018478279713718168	0.9160729992017719	0.22857815978844465	-0.7223865236432774	-0.3957041474117781	0.8236650179656179	-0.1817653227110995	0.2210563830537495	0.2861897220884708	0.07640148572456895	0.016689776972629744	0.16182329197292766	0.04893349388052137
2.55	0.162677462088852	0.596973665022393	0.8905298925937364	0.3716377312670811	0.16417929996459596	0.13379008394221667	0.7930434896030116	0.1381146033013432	0.026954842536864778	0.017899786561265382	0.9079108812895327	0.24538264715754562	-0.725404366932353	-0.36541360024671904	0.8122429407571339	-0.1871732369556728	0.23384860565112883	0.2995312855069427	0.08259819320378958	0.017222620962981217	0.16990166145790098	0.049112412884853685
2.6	0.17244642323005477	0.5766412054305909	0.8845117869877825	0.3859704909078685	0.167299394962366	0.13241983631066273	0.7823611013203204	0.148973219851661	0.027989087554773737	0.01753501304854271	0.8987096006004711	0.26272550012470736	-0.7261623126718365	-0.33463398422408575	0.7995571322567235	-0.19243053614767444	0.24701693937101712	0.3131243835575668	0.08931049826225279	0.01841282972076219	0.17921236473046664	0.050151650591062635
2.65	0.1827115213105262	0.5550186057210063	0.8778700384661178	0.40032625109670017	0.1714949193668944	0.13079556991397812	0.7706558044365031	0.16026110731713825	0.02941050736865761	0.017107481109122337	0.8884155330765273	0.28062520399209395	-0.7246457257243508	-0.30354772153245846	0.7856542796027512	-0.19749869470005457	0.2606117385820529	0.3269926798798188	0.09618660906923282	0.020121961016871914	0.18933127268789185	0.0519856346723937
2.7	0.1933834768045491	0.5324908049661896	0.870641865280206	0.41464416962891504	0.17640513773294844	0.12885483738650758	0.7580172575785964	0.17192978740725245	0.03111877261858051	0.01660356911790331	0.8769674051059881	0.2990996517290379	-0.7208534435705293	-0.2723418710637613	0.7705840524186837	-0.20233815822071044	0.2746862512158456	0.34116457447859955	0.10290249703105436	0.022208779827536662	0.19984429248404556	0.05451775152421101
2.75	0.20437504411572327	0.5094537229587803	0.8628709888656232	0.4288568105940458	0.18176253995656644	0.1267275194736969	0.7445463434259384	0.18391816399289726	0.03303762093146241	0.016059864191956225	0.8642979592043661	0.31816140390497727	-0.7148004910642553	-0.2412087964637645	0.7544013689788733	-0.20690046178532723	0.28929487122224096	0.35566743399202944	0.10918458614305848	0.024526884763191648	0.210362847693793	0.05762047726603248
2.8	0.21560137003596758	0.48630249478073456	0.8546074598926473	0.44288648486502497	0.18739641799546422	0.12454085753730715	0.7303539105041628	0.19614843847609797	0.03511741747753075	0.015510425196127834	0.8503335541161563	0.3378193080883707	-0.7065168493677209	-0.21034274028243496	0.7371635685721417	-0.2111314502032436	0.30448899940302926	0.3705267062201896	0.11482120825955666	0.026927446901404806	0.22052901707826544	0.06114166608593363
2.85	0.22698442652876727	0.4634289143428466	0.8459150200963584	0.4566459050752543	0.19318536036071432	0.12239069434729107	0.7155722212246225	0.2085254826219982	0.03732058345769905	0.014979482062812025	0.8350035700700651	0.35806491220500547	-0.6960550669024536	-0.1799419725521611	0.7189379456159911	-0.2149655182692057	0.3203185336338552	0.38576435428132994	0.11966872745252277	0.02926523332924169	0.23003216322721487	0.06492052190132003
2.9	0.23845863320188465	0.44120880416321495	0.8368662148106105	0.4700371319801494	0.19905153685914878	0.12035208828871156	0.7003450614914389	0.2209349054401244	0.039621514325989066	0.014484625155453823	0.8182491109897501	0.37885988434232504	-0.6834843232021952	-0.15020344976606181	0.6997941814453652	-0.21832627861083115	0.3368301973451743	0.4013987366393214	0.12364466315057521	0.03140389197894411	0.23861343103298616	0.06879512918121589
2.95	0.2499859189139181	0.41999234707726263	0.8275518708862891	0.4829457933798241	0.2049359745840176	0.11848392332328646	0.6848420990073973	0.23323663934326772	0.04199875367870111	0.014038440086078425	0.8000444546766009	0.4001116982284116	-0.6688949187929828	-0.12132143011496277	0.6798082831153287	-0.22112169226989264	0.3540633581591682	0.417439414027052	0.12672118706154745	0.033229065624216236	0.2460780755631391	0.07261717223718045
3.0	0.2615288178658596	0.4001075359856214	0.8180844010693055	0.49523544519677704	0.21079929156736357	0.1168378649452568	0.6692620872729242	0.24525814617924996	0.04443634132530236	0.013651086684966068	0.7804490640208152	0.4216162810018884	-0.6524054437691005	-0.09348280080111482	0.6590689623288126	-0.2232449386128413	0.37204105034902774	0.4338811424354129	0.1289124387089977	0.03465691625557654	0.2522969433003692	0.07625815849465867
3.05	0.27306473127723646	0.3818444390762902	0.808602166685405	0.5067445916114044	0.2166121361546568	0.11547211857967332	0.6538374639683314	0.25679008112740903	0.04692081752948357	0.013333810169278136	0.7596790379707281	0.4430036993659734	-0.6341602455540976	-0.06686216980764975	0.6376752831909203	-0.2245702214552722	0.39076714960992953	0.4507002879727714	0.1302642028510138	0.035641381834921604	0.25721279941749753	0.07961747357900517
3.1	0.28458214666008697	0.36545129492077333	0.7992699782834852	0.5172876904020047	0.22235494552104743	0.11448415125672357	0.638832498185283	0.2675865546414403	0.04944172179766797	0.01310662088897236	0.738227226260129	0.46364298839184953	-0.6143245056041765	-0.041613675820508844	0.6157323251227844	-0.22495591426030553	0.4102272308900431	0.467858466124535	0.1308385402888006	0.03617421632081563	0.2608301287905377	0.08262161720363115
3.15	0.2960788781334227	0.3511362152391478	0.7902929030346157	0.5266418070326518	0.22800561725451868	0.11422988815166286	0.6245628725868806	0.2773515929146169	0.051986561499614066	0.013048467347141409	0.7170495845646252	0.4825192177305138	-0.5930939262576246	-0.017865200567353523	0.5933629334184909	-0.224246516296631	0.43036848657747323	0.48528706381909664	0.13071147200714028	0.03628135480328676	0.26320180426756123	0.08522019557936011
3.2	0.3075631066224735	0.33905604709386433	0.7819085629195601	0.53455571771911	0.2335534139709131	0.11669163484074856	0.6113810007669317	0.28574981534619287	0.0545471971774687	0.013616937641806602	0.6977506275111914	0.4981320120419891	-0.5706743245630193	0.004292682541137072	0.5706904693779783	-0.22228019265612575	0.451107725922458	0.5028982644970809	0.12996663087176274	0.03601450772162074	0.26442332294827686	0.08738298639303022
3.25	0.3163404375326289	0.3293191723380491	0.7743859881598989	0.5407482327555858	0.23899219752807754	0.12170693358172807	0.5996736586583831	0.2924086512282892	0.05711727047929963	0.014812577681867169	0.6826959596923979	0.50844798407132	-0.5472829889501514	0.02481229636187038	0.547845160647569	-0.21889605688145547	0.47231161861996973	0.5205705992482337	0.12869203527387874	0.03543982485279651	0.26460968468828794	0.089096387122513
3.3	0.3089060523635555	0.32198485014067624	0.7680045993766629	0.5449349443663893	0.24431622929780153	0.12726337130981805	0.5898310646637085	0.29695409359159985	0.05969041989829593	0.016195965677140618	0.674744395441305	0.5110875529667075	-0.21394957916285906	0.4938042097860518	0.5381607752580928	-0.5231316247285906	0.0436925008997926	0.524953075451562	0.12697607395337074	0.03462824857012303	0.26388845120213955	0.09036105735664224
3.35	0.30202226425976897	0.3170625895755767	0.7630160216345362	0.5468615830174995	0.24952716770516095	0.13303286033605755	0.582193449270995	0.2990575909804055	0.06226380742295952	0.017697741929192993	0.6763756595460944	0.5038295190724881	-0.20732713664283922	0.5153699879854621	0.5555094653600907	-0.498406521101042	0.06097605353448084	0.5021226338064072	0.12490432362500725	0.0336483759894195	0.2623851703886475	0.09118822873986687
3.4	0.29570991967697546	0.3145105605932012	0.7596008100086165	0.5463527632950045	0.25462496769917087	0.13892991384799463	0.5769933905657463	0.2985013419600872	0.0648338741758038	0.019301520961811213	0.6884101483595049	0.4853927389678172	-0.19895834482832458	0.5367610585621239	0.5724481260040584	-0.4732610230928047	0.07674150413126159	0.47944264978741374	0.12255906804215	0.03256361540259767	0.2602175941600371	0.09160120481650358
3.45	0.28997729298467556	0.3142389194942243	0.757822185233852	0.5433560940763258	0.2596131932609209	0.14490538937959335	0.5742944644326108	0.295235844969881	0.06739901011513227	0.020997571871251567	0.7092401552127346	0.4561212049519072	-0.18882301204446864	0.557717387197922	0.588814753433049	-0.44779917307010997	0.0910888604811264	0.4569696706631901	0.12001618174383033	0.03143073708513655	0.25749430800470097	0.09163366711724308
3.5	0.2848450755054922	0.31611271071752967	0.7576084350577156	0.5379599414653149	0.2644997964877609	0.15091452734936875	0.5739705408706008	0.28940089862136503	0.06996014234206693	0.022775194565083368	0.7354032229759188	0.41806182217622556	-0.17695190562799093	0.5779804302154308	0.6044612101842366	-0.4220732743797926	0.10412526242592973	0.4347274079477258	0.1173435118045818	0.030301063036193288	0.254313312396939	0.0913277514439772
3.55	0.280343071443388	0.3199545076667935	0.7587724072878493	0.530377366392111	0.2692903741196827	0.1569112032015029	0.5757355660613979	0.28130015078103154	0.07251730559351868	0.024621125690143332	0.7630842204886951	0.3743191898711135	-0.16342119186153892	0.5973070213210185	0.619259367041657	-0.3960879715676565	0.11595186049160919	0.41271117645642486	0.1145988982239945	0.02922145585322844	0.25076044532241815	0.09073499633171322
3.6	0.27649963542837425	0.32554393780308366	0.7610479794008382	0.520907986829195	0.2739984802733338	0.16285035118421326	0.5791940269500987	0.2713451307424448	0.07507516719209649	0.02652023688082159	0.7893763305493405	0.32808895301746677	-0.14834345222649564	0.6154772877876948	0.6331019440824451	-0.3697958202888685	0.12665755919200694	0.39088500355423444	0.1118298724386888	0.02823322230548886	0.2469157759966658	0.08990859765756021
3.65	0.2733660859836974	0.332621957556477	0.7641470509632529	0.5098863096662459	0.27863527408798927	0.1686793482863804	0.5839207154958361	0.2599840487850628	0.07763761596608891	0.028452722538318022	0.8126687652899207	0.28196770816416455	-0.13185351343620894	0.6323038474951984	0.645905182331512	-0.3430975363311992	0.13631165273654833	0.3691839461681777	0.109073418274106	0.027371978043416734	0.242850423021171	0.08890420701790025
3.7	0.27097993780796864	0.34090405050867495	0.7677907314737232	0.49764816290404407	0.28321137020881043	0.17434408542801905	0.5895026073369549	0.24765369404176998	0.08020868021555187	0.030395860123732403	0.8324012202122142	0.23771447832302064	-0.11410091878335915	0.6476294467421878	0.6576039233115927	-0.31583545318958584	0.1449646087391066	0.3475151382002708	0.10635672452996148	0.02666497341769647	0.23863091046093432	0.08777317986217903
3.75	0.26938718563115305	0.3500851313972944	0.7717340087106653	0.4845105525723366	0.2877325912913879	0.17978975450344775	0.5955733802006333	0.23475047555395095	0.08279004409125687	0.03232435582441001	0.8486389392707593	0.19634658335135352	-0.0952384497913134	0.6613310989587194	0.6681535637625531	-0.2877626590806904	0.15264619260564843	0.32574254876848735	0.10369753692180983	0.026131077103132894	0.23431763634802216	0.08656230306120327
3.8	0.26864611443351855	0.3598322561207576	0.775770868964038	0.47077738217773946	0.29218685174027337	0.18495790584097535	0.6018204411332186	0.22163134357012534	0.0853731563298925	0.0342094269330791	0.861709643087918	0.15842146496706655	-0.07541787877115413	0.6733062972929555	0.6775169565499378	-0.25851584437338865	0.15936722781027426	0.3036912166856624	0.10111194136701951	0.025780723642865988	0.22996762207946886	0.08531409896322573
3.85	0.2688244445741683	0.3697965581745739	0.7797302704066403	0.456742227015135	0.2965439736985103	0.18979773217114015	0.6079792945884125	0.2086134619387451	0.08793832833690278	0.03602317913730785	0.8720112311767916	0.12427795520233216	-0.05478352842941969	0.6834746003280219	0.6856666568243831	-0.2275215243903797	0.16510529909595456	0.28111528569340866	0.09861124915078268	0.02561343208385436	0.22563388392204708	0.08406238080887651
3.9	0.26999505178141897	0.3796396299451926	0.7834832259978354	0.4427143713411966	0.3007178862280651	0.1942560987309019	0.6138459654199752	0.19599601459203095	0.0904312470974755	0.037735431894149914	0.8799147899858587	0.09432190487537559	-0.03347132856065982	0.6917888317821537	0.6925980924130044	-0.19389026516049013	0.16977604797307697	0.25771562115898544	0.09620773727516274	0.02562069199843675	0.2213694217169071	0.08283865570000115
3.95	0.27223525090929146	0.38902353021950103	0.7869268374161663	0.42904659849783966	0.3045538644872939	0.19829265805623464	0.6192538474458095	0.18408098368256642	0.09275305637414497	0.0393199782390068	0.8857233343571868	0.06943111538031992	-0.011606736449651489	0.698225416568511	0.6983218804199697	-0.156227874285892	0.17315904858849507	0.2332192205028592	0.09391406955164316	0.02578567780035468	0.2172255241655301	0.08166803912031151
4.0	0.2756389722137976	0.397618070999821	0.7899802778246403	0.4161898226400996	0.3077749205864808	0.20188023970223298	0.6240688393518959	0.1732139684691976	0.09472540174201458	0.04075563118223104	0.889664996123104	0.05175859420529736	0.010690871061291074	0.7027916448924572	0.7028729549888051	-0.11249158811472787	0.17474151448762984	0.20781952334177878	0.0917469369456212	0.02608408207714108	0.21325743859915502	0.08057182171007504
