energy	weight	density_proxy	mx	ipr
-13.10669165078893	2.866893290294159e-35	1.9932526847057892	-0.026515228907168526	0.08999222623942527
-12.604999111918675	3.1968881883830026e-9	1.127459337709862	-3.578816071789649e-5	0.06823352418840493
-11.332791756481011	1.2745641497220283e-9	1.4497702213228367	-0.026184817401264077	0.06266127106183045
-11.22547015582306	8.165088497576646e-37	3.085342130161507	0.0030417371056159293	0.12127236817538879
-10.68456542837026	2.3829039066682548e-7	1.4686909661738998	-0.05700606960652184	0.09336571560692096
-9.86371329473865	8.11194865416064e-36	1.984316190875661	-0.025943898744076738	0.04652703331938647
-9.67666154228776	3.137145303427331e-36	4.438896266236598	-0.02531985680565988	0.05543933002732337
-9.413150839559753	2.635073544085475e-10	5.925103663428362	0.002016888283541075	0.11036204293300764
-9.339114705370013	5.09623751978872e-35	6.128047782263485	-0.05585318219386358	0.0953161288036647
-9.086782627192246	1.1443037492885186e-38	4.989195513401525	0.02313532291582282	0.09031037570126588
-8.9382484746064	1.318974715088208e-6	10.726967700947318	-0.022747357302334518	0.07132661751535836
-8.900336647698584	1.4636378590822852e-8	9.19515030192405	-0.025860240585391936	0.04588390808355167
-8.720742513928247	3.901176885658136e-8	4.4993288237566444	0.002471106614553376	0.04112555805678892
-8.45582590435395	1.0947330235914297e-6	4.301393985582343	-0.05543099769645604	0.09560007115028935
-8.255776968641367	1.908818035353966e-10	3.7439208215725985	-0.02508969372532561	0.07178802948355804
-7.9216265728734525	3.6736007848500207e-35	4.104363975975298	0.001408048102421935	0.08231274536378379
-7.768490750433892	6.334951648505605e-8	9.341742551610768	-0.05490537161021238	0.08329963667988861
-7.707533753578711	1.7191562118769519e-34	9.718092646029469	0.0009636354921874802	0.06361253353457905
-7.562689049128117	1.2326515887823877e-34	5.223866982367613	-0.021772960588467463	0.06169510107283477
-7.324675612904245	7.945873598505368e-35	8.011261943789478	-0.025082048612222553	0.06027675566837624
-7.313040490132933	1.338198112792147e-13	12.636694681894907	0.02306519782016392	0.06291171102062006
-7.16640637792261	5.138948341961727e-36	6.650477134388376	0.0008806967752592802	0.045934895065630456
-7.01231018769217	2.587805679529318e-6	9.03955801827881	0.006773392018367366	0.08088973752129607
-6.945156622574415	3.5765307577583516e-9	17.893877788808997	0.00110856005276913	0.06414544074787215
-6.900540116184762	5.694646860875639e-34	7.044006323375926	-0.05443148209026119	0.08800644695544231
-6.661227291994048	5.882261212117889e-6	6.5709963789696495	-0.021845607118263614	0.04880630166490498
-6.596172272306326	5.586394557263871e-35	6.617178399279337	-0.025057894675667554	0.05648551352239457
-6.358983664979577	3.0092655381050535e-34	6.18885350118002	-0.09088242037999669	0.17781382697550033
-6.273010639926651	6.216779366801853e-11	16.87307749025661	0.0006512177657715078	0.05685363054051599
-6.240451642522209	1.8713987614525882e-33	16.434548916383516	-0.05154591349322844	0.10225341653387712
-6.151315787808976	9.80637699054511e-8	7.009909058194528	0.00046709647963224225	0.03273615998953238
-5.955141236438978	3.415414683139472e-7	6.508552982674832	-0.022504174225388175	0.07115276740053605
-5.844027822984257	2.919840147794547e-34	7.522276271141765	0.023128513820881998	0.04656084883763532
-5.689264269426647	2.0317282241754565e-34	12.401189578388651	-0.027335398388563706	0.060506347386494345
-5.68275297210339	9.83467377133166e-10	63.0314376438696	-0.02534019658635434	0.04923408481666645
-5.657534071373731	5.138660321990071e-34	34.99487363984851	0.022048796950963588	0.05274198400638128
-5.6256017441668895	4.236034962913448e-34	39.44533963880083	0.009089122582605816	0.06454208408819541
-5.606830996731355	3.510568254786973e-6	34.489712860753336	-0.053494537698276695	0.05542959400884
-5.567613438840177	2.7006240887225147e-7	9.316922005432092	-0.0895238414438189	0.17969268618970208
-5.3921678280546255	5.132380805403129e-7	8.55290549395527	-0.051438670392375735	0.0662669072990374
-5.333774774141556	4.310648390214282e-36	11.346536633177772	0.00047884163017161815	0.06887507259322244
-5.215902588302796	8.418180149131344e-10	7.592711896199364	0.0003964751819910553	0.04117318844238679
-5.0703642790059344	5.0864228594241674e-34	13.245636315124125	-0.022741767051733856	0.050185175892298296
-5.0649094648002	8.24755292946343e-8	13.140095033836673	-0.05394843675036843	0.06031523966487374
-4.918158378298987	2.057528600568907e-6	10.858998593054858	0.027248369175626654	0.07326251092373619
-4.880730418927669	1.0451631365080883e-9	10.14669457927421	0.022993763982068295	0.04580690396225737
-4.721049853510507	8.326135179115986e-6	12.124752263132313	-0.00517451210666246	0.03247596437714605
-4.71577859503916	2.5688477900263374e-6	55.539500114204955	-0.01585262988275806	0.02801877074501475
-4.68503944657693	3.0340725628754597e-7	40.288513580339995	-0.023062366748003306	0.0523465619750498
-4.666136654389954	1.2339869497192035e-33	22.296347217486318	-0.04956042247318397	0.07015294673049506
-4.5953386547615125	2.9866843375435053e-35	7.131490157900087	0.00012678268162025642	0.04142254140160685
-4.385690358353991	2.0811998400258646e-34	9.436778983183826	-0.02268560516943946	0.044343388154454634
-4.383401933178442	1.742310554791637e-33	30.649760344217	-0.08774571880516212	0.18123652760483253
-4.320436993318223	2.0018962668091245e-34	14.117094756459826	-0.024821819776422505	0.04342623316725658
-4.241729724094146	1.9106552939670122e-33	23.68666537310446	-0.052664832962139224	0.08711625155394997
-4.236001300556213	1.6171860663760529e-10	41.046348547182205	0.024231563816689058	0.07188060928811221
-4.193004318040035	1.4271523088877315e-35	18.055646068361792	0.0002831633982634853	0.04799225160291207
-4.125232625072231	2.2757570631919465e-35	10.705240788231473	-0.051568500477134335	0.06865599050750341
-4.006179935519032	6.529942451324651e-7	7.486987373197644	0.004956665970971464	0.035902582099087955
-3.858102483092866	1.172722791045974e-6	11.370753906963992	-0.04941896017348814	0.0736896625572259
-3.8302901030273535	1.0584960004634872e-33	42.4854021172725	-0.002040794159677683	0.029552939651756333
-3.811027490264049	2.910518605821145e-33	25.25647057436765	-0.024104732478772907	0.04733322863062051
-3.75110247488624	1.9509720442933988e-5	15.503309475378433	-0.023172824094441772	0.04951809196791245
-3.682022776581703	8.884537832083502e-35	26.045487168239646	-0.016890982831498595	0.04059796651747716
-3.6743137403511135	1.579717952703841e-8	14.391259623205842	4.939910111000979e-5	0.028014931442742388
-3.5430495350195113	2.749045354952503e-35	13.179695106565116	0.027197444636666533	0.06284352150408352
-3.522565161660264	1.9269766281175354e-6	8.396650676122633	-0.02262626042234341	0.05128087703058991
-3.3048593235715877	3.6469690595585714e-35	5.500491446034391	0.024330708294189242	0.060379433203113696
-3.158961287420643	3.696168835981291e-7	13.642716333602372	-0.02585689714330995	0.060469670002308545
-3.1582609518767994	1.3252220367426828e-31	45.852411670831394	-0.026745086487437522	0.053950950406397205
-3.115343080065319	3.20938154141664e-38	13.63784661420709	0.0048376640647020425	0.06980133676865834
-3.0116102337262873	8.748795658886231e-7	15.370831463023984	-0.05632080086128204	0.06998895255591134
-2.9852265014787154	3.2834292399141464e-6	11.569947445702924	-0.08134386045141231	0.11071514771549887
-2.838748601520447	3.534744235191832e-8	13.45741662560594	-0.031540277570201926	0.02179980450827612
-2.836609567364145	1.45900398439295e-35	62.489300623481654	-0.01855868286675786	0.038016115001018175
-2.8067431225017163	9.348468790507352e-9	29.87212975080123	0.011826872328248507	0.017843834574414786
-2.7696575282332105	2.6360237492589617e-9	12.660065812206733	0.0026563369296183975	0.03505733999328891
-2.6487660606390824	3.0598732551080645e-31	15.938060020412122	-0.049361407032828084	0.0745157672427788
-2.64417174154157	1.289515425363475e-6	276.57326064153676	0.04341131130793083	0.0919686226657816
-2.641534703582508	8.280825812617855e-6	405.48532778579903	0.027538637912975967	0.04818329870426758
-2.6392393805831076	1.4376073527579623e-5	76.66577921852257	-0.05144380576405615	0.09119602729042922
-2.615447445090041	9.337564476524529e-8	31.753603856061773	0.0001396319999593404	0.04041514451682127
-2.57625440385209	2.726608219363735e-35	11.953240293278055	0.024630346708944928	0.05653496292196462
-2.448128797515901	1.1416333877061002e-7	13.013493296890202	-0.024736769151197054	0.03476674745213352
-2.422567768421315	1.0556554855194316e-36	17.403791989527946	0.003888487097250511	0.04052070338644775
-2.3332113127974314	8.237807795790055e-9	20.886840588788246	0.002311083775535037	0.02613337909784411
-2.3268136982210774	1.0633977585270339e-32	61.393121449711934	-0.025341901580014002	0.04252052580435099
-2.3006343733492844	3.5710813827533974e-36	21.31406646771212	-0.00035979323399214745	0.027192515656249965
-2.2329789528415542	4.536863367537434e-34	7.0832975080493386	-0.02303474793353349	0.041968169172905224
-2.018280004112748	1.2663415747768797e-6	6.718279068245925	-0.018939681255878124	0.03657013763202265
-1.9352836681289798	5.926544967724696e-7	12.5989411751135	0.027026106418907188	0.07197214156698768
-1.859536505575699	2.946414364858504e-34	13.531860193308924	0.002103316976776765	0.04804648460879786
-1.7874843285386302	3.706677147353684e-5	11.65021491167426	0.003539025832194967	0.062170775314630056
-1.687865852702517	6.136153979689262e-35	16.01957959258898	-0.009191830327254933	0.028197139716298093
-1.6626371071468	4.7553826549808e-8	60.442278468280385	0.024871909007219365	0.04929188318160097
-1.6547764316766438	7.858905522652558e-35	27.68097034200709	0.03395568199859388	0.029030937055490494
-1.5903853047247978	1.668216498463205e-32	20.58975981716501	-0.08488045558765295	0.16788507121616317
-1.557640767260944	2.316014875953349e-31	55.771841335597934	-0.0504868277647241	0.08640071026367165
-1.5545249143897302	3.3140634695589584e-6	125.81345471222741	0.0036326943207876275	0.03378581549098258
-1.5417442162555322	3.129824238725387e-33	15.917015152748172	-0.02479360098046164	0.05013343721929894
-1.4288732151982089	3.4750150145254355e-35	11.002853405391626	0.0017395769940150943	0.03965885744277072
-1.359973185931711	2.7884962105191313e-8	15.390456758265545	-0.026684046512704823	0.05532196373736856
-1.2989225560713518	5.393163615238209e-35	23.75870702206379	0.0443467437661646	0.09627231783006843
-1.275793520845447	8.852086254633628e-34	25.948517391439307	0.004957044176343317	0.04534105680097522
-1.2218468615401559	1.0357071937228546e-5	20.903199338211316	-0.04891635069442525	0.07559215485938862
-1.1801143873482136	6.330300688023257e-7	14.254928874217093	-3.0197048085113185e-5	0.06440372445718716
-1.0815445129526857	7.124094131718584e-6	15.421040969212388	-0.025068005692760013	0.06000617731808001
-1.0504214565017853	8.209882782793514e-34	60.39738069197186	0.027000749637219493	0.05069610689500502
-1.0484304941477967	0.0013870219765290308	12.0591769538259	-0.1205273468664797	0.9426769984365051
-0.8845726587224743	1.2152536220083642e-33	8.558134856074854	0.0074683404406509085	0.03235229395658982
-0.8147347142103805	2.2893028092337683e-8	24.436944869544128	-0.0018041637823287028	0.04883849075302328
-0.8027293673177206	2.2923267157615706e-32	129.23109938075837	-0.024964409719926722	0.05514510432290156
-0.7992585632716089	5.285865874389428e-7	216.27356062914092	-0.05724555185868758	0.20801943477954557
-0.7934818199329086	1.0153030442973309e-32	24.891931960386493	-0.019612664806313823	0.03747619352053503
-0.7189112441811165	6.600007963120222e-5	20.719369603020542	-0.023497278108509566	0.061230762445212174
-0.6969537865844213	2.4973308594782694e-8	37.04705981688545	0.02622823305572136	0.04089213959527618
-0.6649258534406499	1.097434588821812e-9	9.728904186891109	0.02599865795591545	0.05292451879927241
-0.49138078868247526	1.3760869844892386e-10	8.020947247853055	0.0017393829088124912	0.05948078657185145
-0.41557874539984657	2.547814886075255e-6	22.912712175973287	0.04489303624482741	0.09645322476614566
-0.40409299906421964	8.385821563739231e-5	40.19771890147812	-0.08120381757260918	0.18198657589217485
-0.3658246783866943	8.567500658291953e-34	33.95160509404303	0.02689754541215698	0.04439483203030081
-0.3451856220945544	2.1793806358184965e-34	30.607068713649227	0.0004148475201788005	0.050348040888053947
-0.30048029605752014	9.442469626515682e-36	22.778788775488415	0.024914111900919723	0.04335230027687862
-0.2573846411156122	9.364666757065349e-35	29.82014435876152	0.003066257333561482	0.05477618758893421
-0.23341153958410032	2.583429289973586e-32	13.35577207110286	-0.0556349844697097	0.13065739546034316
-0.1076366528037056	3.175991218282226e-5	12.375144993797695	-0.05145135169715109	0.09749973681531986
-0.07179727154906872	3.0922831272333786e-7	44.617151268223026	0.001364666490270115	0.03588778489364872
-0.06281084158199211	1.4365300289224482e-7	39.8487063926534	0.006981371079148261	0.02990743696358439
-0.02160743651922381	2.411283763927192e-7	7.4768084442549885	-0.02418858582622366	0.041466377494138514
0.20468297144149858	7.727010923894765e-36	8.674490004818491	-0.05148857481420985	0.07702749132575401
0.2089536683859687	3.4687410989465725e-34	55.768879044196055	0.025699411250450478	0.04738083121806746
0.24054526658311381	4.5032446392800456e-33	33.68441162661221	-0.02464840508660938	0.06614102254502824
0.26832831390953515	2.6954243588404574e-5	63.342756146780516	0.02834998935340525	0.03827312002696006
0.27211951629472275	3.198754201913873e-6	29.976417613237476	0.04326752509313898	0.061039656452094644
0.33504742710726454	1.0488041550531266e-33	17.338072853108237	0.02547984315690926	0.04137216420000412
0.38747259024615993	4.444765311641656e-34	33.94949476755096	-0.025046137403347275	0.0358588062838318
0.3939584658044179	3.781593143735745e-33	22.918595839263922	-0.08014966584988331	0.19164708741049902
0.4747379713378592	4.027241251867122e-33	19.341983158958787	0.00010295518557803076	0.04874590569877215
0.49736047911211967	2.852479043044688e-6	71.1634485919927	0.027062187083048916	0.05171971846526365
0.5028422866791065	1.7183363845573114e-5	33.41471401280325	-0.05624786500278586	0.10148363883346456
0.5572143506500797	8.250017716571937e-9	16.455870105507515	0.0018313980114161342	0.08233137264985257
0.6243794638187481	0.014904461809557264	21.01370743592354	-0.07655985660972241	0.10908915036019702
0.6523903211968545	6.23287885890042e-5	8.423241670882092	-0.018584403043615215	0.03661696514259116
0.861817742114111	6.525488029181949e-7	9.5285914599765	0.02588482351471066	0.06127956879688577
0.8622849324204248	3.6215866282566015e-32	74.01757618767112	0.02428366511301667	0.05446241856487638
0.8888383513127831	6.001018748716502e-7	47.12663220693746	-0.02557098695495319	0.03902680321208686
0.9047237808239732	1.164583029206439e-5	42.925340649481726	0.0008859744598393535	0.03852595776635711
0.9354308761416839	3.170775029431792e-6	8.521413910763195	-0.021119789639517175	0.042977903958967674
1.1394266154643429	1.1982191919923842e-35	9.083559350747244	0.04518117403845144	0.08876039716631107
1.1556088837676783	1.055780928671655e-32	72.22017384525404	0.0014446045204526033	0.053332206827930294
1.167119708592108	1.4689227605423725e-33	73.3320285402008	0.006124110008153334	0.028814666982297028
1.182882096302684	5.169816558986018e-33	77.04561877849578	0.030046761637459264	0.038897084777142765
1.1930783553225592	2.634792596528559e-9	33.716239118508454	0.02552908849695583	0.045476619355053684
1.2422006932841043	4.788624250800258e-34	27.478360452527774	-0.051918339676232744	0.09349678658554673
1.265862901673323	0.0001181412774794176	43.922343487075985	0.0022959192329908874	0.05281526979601121
1.2877356042477803	3.3059846227226597e-7	12.962982114985895	0.0011686908290197918	0.051225214530450626
1.4201483880112153	0.00018761853271232888	8.210951353684013	-0.04723614728011531	0.08118359079313194
1.5313127384738476	1.4175948964426915e-35	16.229924547892985	-0.024469895797938075	0.056482463602392625
1.5433775499274145	3.9972940616002155e-34	76.82344652612801	-0.0026609887791213933	0.03239842117531049
1.5573464572203737	8.347761978068196e-34	70.1625572701051	-0.0153239580464675	0.03033287477140528
1.5718827823165447	1.43031546147832e-7	14.662991915800838	0.025162167266559274	0.034846284156714015
1.6937442682186052	2.1779338669005628e-35	9.300496029835642	0.025880952452391866	0.04284566906034803
1.786925076145183	8.75407854769259e-33	19.030617103303037	0.026699773353792765	0.041720211323159125
1.798838075168926	3.47812987366466e-32	28.893682122089054	0.046671741571207404	0.10504999927126894
1.8561443605392274	0.00021388465072403137	14.083444777215943	-0.027327654579118385	0.054551344437867876
1.9408487857328343	0.002957930993570892	14.072627903324063	-0.0498287175814473	0.08666123739299411
1.9982642271156459	8.238293788189842e-7	33.10203127681421	0.0004491099702704775	0.051943056928551314
2.001268038656472	3.1525752139414136e-7	20.15535713403663	0.02964926997328928	0.03706155082968401
2.097493428895582	5.3110769630751136e-33	9.947846894725043	-0.02225240956552413	0.03850980930037334
2.2023165691742186	1.8089643300032957e-33	12.633443449430965	0.0015479668351713943	0.0911921518426224
2.2558033946626814	5.997562185134251e-32	12.567642549731985	-0.05019353455104991	0.10686590610281053
2.361455404646799	0.000509384982290305	16.343232311022415	-0.024173606057325055	0.04190320506341024
2.378178207792587	3.086071997685171e-30	48.05339061112206	0.0004070470665181432	0.04954338881437803
2.4030757767904682	1.5053410193178068e-30	59.88022538025532	-0.025967265207833157	0.11965744894411803
2.41157821567999	0.06497628302279816	66.77372485517043	-0.041151139041287935	0.03484161786631235
2.433027677846429	8.671836811355597e-6	29.994412271521334	0.04585355065976382	0.05593982138040413
2.4782573018342777	1.3280583152529513e-32	10.794158472085103	0.025591956070130973	0.05324530522159505
2.6183130806105464	1.008039130244915e-5	11.863327210008382	0.0053492712837231865	0.030120850340043175
2.646844070503418	1.3384687779291533e-6	47.26382924635022	0.04565022090187986	0.0654618419449972
2.660628737887817	2.0583840453181117e-7	9.670426742468491	0.024842390929254957	0.052946749181906644
2.853660176272239	3.611938783994005e-6	8.817340736153717	-0.00021411858032092945	0.030732187519309933
2.8874544963389344	6.09383661097016e-7	23.44936254295274	-0.0022246079634353	0.09192607407247781
2.9389503412537628	1.1516638891637312e-5	36.94004880123847	0.02601171209430799	0.060065404666636554
2.9415962764638417	3.277986262478092e-5	54.424057051575076	-0.013954815577793708	0.059394577143363
2.9756987960428773	7.223005248677012e-8	9.190420794840485	0.04716470992742744	0.06053955799326547
3.159214168467525	4.679432936926061e-33	9.952559026980367	-0.023730375143104342	0.04798296109245974
3.1766521382514696	5.15325792770636e-7	34.530578666482945	0.0007935029929483627	0.04060290639443864
3.2171338465394506	5.817641312950864e-35	40.43216836026405	0.024561851984291803	0.05525631846869913
3.2261177019625062	9.569452024993123e-35	23.81211229112935	0.029277175785640618	0.03833387270289597
3.3011247153690526	9.246137627201472e-5	19.282486127629895	0.02642134029086096	0.06147135940592395
3.3298387671178027	0.00011050657476403158	27.671751246285613	-0.019130616647433117	0.04358373497734335
3.373400589136473	7.825220478782362e-33	12.123967666658462	0.04905462898126552	0.07299912944953131
3.494801265780687	4.75763159658856e-33	11.593541654573471	-0.005159745003929218	0.04877487394983452
3.545910427768142	6.273330141147829e-33	33.088065643252946	-0.002374038534387734	0.03354052105054975
3.5552460201390557	4.725728730928711e-33	7.923847219917392	-0.00890017892569116	0.048817278749937354
3.7983130731615056	7.982147906922059e-32	6.723444067740198	0.047175432277759215	0.08805977638624721
3.852712613130617	0.0002494276229451295	17.52441655649811	-5.773012393984426e-5	0.042029932725939335
3.912439554551175	0.01977550143097636	32.44505674686872	-0.02318728021647114	0.08606737395944986
3.914355285405894	3.6380632260507756e-29	23.312494952321213	0.04721716533006672	0.06922155450271973
3.9982304578453274	3.3877494940746134e-6	12.766908497753239	0.02531355294943601	0.0417804532957288
4.071010281433473	1.2271844373793918e-32	10.9176434706782	0.004942024664760524	0.03031595790015034
4.181420173224058	1.377440947040338e-6	16.795380053782967	0.049158261924973704	0.07650353024842284
4.190090647200458	4.5339411973145825e-30	26.91128727833274	-0.02461708746269624	0.0892172796139343
4.25573843155614	6.267040978039089e-34	27.77019667706636	0.008735948985345408	0.018794307452913734
4.262110302777895	8.552398581267551e-32	48.68422403919148	0.022415785877584426	0.034984282538712295
4.296819501234687	0.14149694521526993	27.826745615623718	-0.020892338208654496	0.02694742438453489
4.333983601496559	0.011921677328450096	18.034580864983752	0.007345663279127255	0.07193201234730454
4.407717559524649	6.312890786247174e-33	5.925302944191802	0.025594958316441638	0.03623828333899004
4.6715190859835545	3.364985882284523e-8	4.057522278217429	0.029186873644759102	0.03760387025412402
4.900629209261456	1.1612981826491825e-9	8.282746148509576	0.0006501456974415017	0.030304745055520967
4.912984895044947	2.029272977419008e-7	36.97678618964065	0.022793369489900385	0.028797813734917844
4.9547171981348725	9.490175610577392e-6	17.13341300369802	0.026044646147303355	0.04028403595086047
5.029715869753158	3.805226859847304e-6	10.614491553117144	0.04794623122950683	0.07520086927836085
5.143138846971426	0.00016748078164364937	17.080303603324168	0.007533687253604334	0.040571166621065136
5.1468098071004285	5.423121920991789e-31	12.135694928428665	0.002441554800294887	0.07360165578341299
5.307941935034794	2.2755528683833108e-6	8.197166819423309	0.005642771678996853	0.036356631290097606
5.3907965459406055	8.20993188203925e-33	21.596465989889875	0.04931891571484733	0.07705686067118217
5.400549679326674	3.0188323644499282e-5	12.647173453032632	0.04780645901837792	0.09172263173913173
5.548934647503562	1.7163107895839228e-33	12.284235208599684	0.015839563063940177	0.04489547625273043
5.563359977732543	1.778224675694373e-32	52.33199834461092	0.007459269726085865	0.02753027855990289
5.587152182917169	2.4765395984901402e-34	14.279816362270314	0.03174219367143788	0.02875248128179859
5.703417801255004	9.641873257551133e-34	6.920851793583363	0.0642523626729643	0.18461092141295798
5.876133952741267	0.0005088910684682838	9.668046044912673	0.022178948068387234	0.05217169404993913
5.910284834232407	0.04006359516564746	8.271557487656558	0.0055450954915072966	0.08696066998616435
6.117926384575846	4.373118210884974e-33	7.483216197103663	0.02872545985597399	0.03948813875591944
6.177549596778501	2.1987027348362635e-30	13.139173201161233	-1.882786035386705e-5	0.08807316432315
6.270142963913063	0.22347872805455618	9.764700893250824	0.0051292695123532385	0.028093646733681525
6.382368978535741	0.0030637046498802525	13.033836708207403	0.028567072630504342	0.04655659383140898
6.423589722896978	6.381892706285092e-32	20.13939351550188	0.02514450699370803	0.11973545268128225
6.481676834974444	1.8605224063297137e-32	28.282392115068678	0.0481681549943668	0.09769301257955118
6.494305099158748	8.766731630331516e-7	5.9543874129650325	0.06457464735139823	0.18496700682237607
6.81756361245305	7.640155783866858e-6	4.314813323450911	0.04934179982598312	0.07800717570453228
6.957824572673406	3.044938739522227e-5	5.527119783049205	0.02577688151629822	0.06260704866093701
7.179415730464619	2.879433996189802e-33	7.045647310043002	0.026609218367666006	0.0484843931483234
7.2416877738797965	3.590872236456892e-6	11.785715586390623	0.04474520207414007	0.20921856520278231
7.349112681433763	0.00022701259148998437	6.096863401217271	0.028905175131699486	0.04430867590013626
7.569725302094827	4.247539504576338e-33	6.0874290052595015	0.025250736941836327	0.06365784031610977
7.6776586075171736	7.359318022741337e-32	8.390167397952846	0.06426350333864489	0.18488632506999922
7.808099568678351	2.4584255985716263e-34	8.141423198334488	0.047787345795203495	0.13068679852602463
7.923315902473803	0.013544867027758627	15.003120881256962	0.025976949937876005	0.04279069558202679
7.941405166615548	0.016490525806115503	7.003856494658976	0.04872177362592596	0.05227839435200159
8.208872866915488	3.2292677340130967e-31	6.551114813078114	0.02316011201319371	0.0839951180606504
8.246696717300534	2.3226029747728293e-31	18.40134190754121	0.0521823585042599	0.07530309682222801
8.31756059251991	0.2282775327251563	6.711625740578584	0.029757054926810543	0.028815451667869176
8.54468711147701	0.0004675070427554399	2.6417461687971433	0.047998215332494654	0.10606083151137091
9.07463559980975	7.567595576810936e-6	2.7108129431864305	0.06656582137333258	0.12240948422921001
9.282473171200149	4.235422728559296e-33	5.20053716742352	0.04842492575281224	0.0947411467071918
9.459211257210704	0.0004517108457778427	2.864187216172294	0.05018959575704916	0.08291763691601635
9.980751547944251	0.00699446591498632	2.392682741630703	0.04936566105238205	0.08904282056657198
10.295093075222617	2.0752034831781517e-33	4.269131476507577	0.04767542878120839	0.10959958071983819
10.449230912190988	0.14725764500650504	11.3238866557922	0.05215332974322179	0.039590543808991935
10.471710879762103	2.5946691951337684e-30	1.657353981720369	0.06865699715071705	0.18126279281129007
11.655973721547838	0.00026439872934995104	1.0090105858455816	0.06858803956979509	0.18450189829787572
12.453850639300839	1.64801669752716e-31	1.9467982710512084	0.06887821054717563	0.19387798295934122
12.683301529333523	0.05170137534835736	0.7751439678279918	0.07029895622687071	0.11720920699790761
15.03401649623725	0.007511607778819583	0.425402489914446	0.08491116703841335	0.9715161855179724
