energy	weight	density_proxy	mz	ipr
-8.093254514234747	0.007729891124749484	0.5459562818677125	-0.12582972355450123	0.004459730082002431
-6.2616060229324635	2.0346883091807592e-32	1.0703630528991295	-0.09492275811272693	0.012643729159256554
-6.224729629539873	0.00014921426788651527	21.687764269271266	-0.09540055109662389	0.012301764266970038
-6.169388126464742	3.748927242976173e-32	16.489994196787375	-0.09624787092920843	0.011762252155266705
-6.103443959203515	0.0008944936128643453	14.94816477237574	-0.09770731335844117	0.011234467788184805
-6.035592437799602	2.4442793103061325e-31	15.424713222945092	-0.0999805580145005	0.010711735321524442
-5.973781905128831	0.004256412746649654	18.009348254780477	-0.10264886118060709	0.010454555998657767
-5.92453900201138	4.374754993735943e-30	24.717010092781383	-0.10493418464098142	0.010002346897848225
-5.89286596940309	0.04792148105974236	1.3055323098165357	-0.1063809251892518	0.011309949105575314
-4.3925968317857675	8.87073585687305e-5	1.2853284997604635	-0.06371363365595352	0.03184273217670714
-4.336843520377238	5.7911233132087716e-33	21.546133012551	-0.06389945570964933	0.024544804342140847
-4.299772750599832	0.00026760893927129704	30.105350978827286	-0.06405377213783366	0.01766705507819504
-4.270410147738382	2.661623843706134e-5	30.138987084393925	-0.06458468034152631	0.01690495248292296
-4.233413519800214	1.370116801060092e-32	29.25214934616167	-0.06485383139732155	0.022180137683136317
-4.202039103397928	7.674450486470966e-34	36.068669299839684	-0.06605338892873616	0.014305509593614589
-4.177963733633335	0.001037300820886296	54.18297860414369	-0.0655040406029841	0.01593827551396167
-4.165127142270581	3.087698521049017e-5	52.34558314803287	-0.06646349611632366	0.013373251119020019
-4.139756116491235	3.44522442590398e-5	36.19769201693049	-0.06799734308240989	0.012894055926478321
-4.109875000806298	9.375640935772017e-33	54.40117922314418	-0.06745272843369998	0.017605680753014642
-4.102992207536314	4.834651502021169e-33	101.29871687081756	-0.06870079839032996	0.011697989617691886
-4.090131414097786	1.3075894206176042e-32	44.21020609862843	-0.06970362177626038	0.013436599476069167
-4.057753784635995	0.00011945390857695661	52.53758620423548	-0.0710072492440841	0.011259503683867453
-4.052063429926888	1.0606717390599582e-5	179.7550843977303	-0.06835260738253551	0.010199872254591697
-4.046627534679278	0.00025772393513524096	243.7664036173723	-0.06665613104465977	0.01216270797457353
-4.0438588538642275	0.001724275310471976	80.02271565854649	-0.06818718766507573	0.014789654976551356
-4.021634631307516	2.6966617415209994e-32	44.10088258186111	-0.07129233390016701	0.013205203741990856
-3.9985082875510125	1.1940906081518756e-31	50.84511484751381	-0.07159358035653993	0.011208158097571353
-3.9822994856205005	3.9250918522854788e-31	63.318503650271076	-0.0716898802794861	0.017582789667302232
-3.966921944148985	0.002709487050823557	40.70736235778355	-0.07323690840086113	0.012367241428812743
-3.933168323978985	8.784808359883325e-5	38.44602248509919	-0.07415330794401659	0.012201440406249094
-3.914900958082737	0.007062425452921249	63.4047406123514	-0.07476826661254901	0.014498761611656445
-3.9016249412494863	3.5190291909941e-31	40.77811541677969	-0.0758140077448501	0.01346403974649996
-3.8658550426558307	1.1518799656770643e-30	29.71658943231518	-0.07735854500741103	0.019890601423537983
-3.8343224668334583	0.013989943572312456	32.558336103942274	-0.07903103317406052	0.014801729078987936
-3.8044268420986826	0.004871698630798384	32.56260607525946	-0.08067416526579406	0.01456909948438024
-3.7729023214256383	3.5318515154238336e-29	24.84095691673754	-0.08236410692047468	0.019646539104938108
-3.7239146457809786	0.12535024440763945	1.5311865194327987	-0.08508232365863998	0.027691409500843853
-2.466725722678632	2.542304972833213e-34	1.5105146955903543	-0.030874762329602876	0.06233980853503623
-2.399862648247555	6.496850223568236e-6	16.292562969422022	-0.03086604553896662	0.04194769665230011
-2.3439703278550175	2.2059082946648944e-33	29.053798829844467	-0.03081100156651561	0.02575868132693849
-2.3310248342421254	6.155208164813401e-33	53.81726098233687	-0.03159857553438104	0.026048242926814964
-2.3068075298327173	0.0001052506760258736	35.907150564714634	-0.030802897838958194	0.021939117934798663
-2.2753256220087446	3.436880402516655e-8	51.992061130640714	-0.03188295329051064	0.03371007204618736
-2.2683401185297765	4.3828658960025436e-5	53.91797844599337	-0.0329234937578559	0.02316707810360122
-2.2382322431832886	9.440568064205161e-36	39.50014704293201	-0.03199326308417196	0.02917213467817759
-2.217707395623043	1.8711748292088822e-33	76.177277316682	-0.03332862233807982	0.013047849796076481
-2.211977694970891	9.520802796141022e-32	225.40897330824725	-0.0316097034086727	0.013252172661706217
-2.208834634389776	4.168633825389003e-32	74.67483238513869	-0.032234968013427866	0.01667814170197762
-2.185194909712199	0.0005445355907963193	59.28041260859736	-0.033384173606426946	0.011133767498637967
-2.175096677584294	0.0001183608186658273	150.23150022846963	-0.03220325478170587	0.014119706549083276
-2.171882122467457	1.625569397561958e-5	165.7514279082567	-0.032539079971960955	0.01285448948722814
-2.1630304165255536	1.0617038697035934e-7	79.39181455090689	-0.034736434629435244	0.020512454203127698
-2.146690608565006	2.517508395933255e-6	61.90839141001479	-0.03453161239610872	0.022483510588919422
-2.1307246183219766	1.3158648170686929e-31	88.31106815706681	-0.036179294463265635	0.016617841777119263
-2.124043390705033	3.151530332875636e-32	141.35243048658916	-0.030633369479524865	0.01475641173333129
-2.1165755867622416	4.510598759467925e-32	140.90202302682562	-0.033438787289198274	0.012482832826249093
-2.1098491303456965	2.284255488034587e-32	102.95838426780443	-0.03511813072100696	0.029219618520837622
-2.097150262499209	5.674680393647465e-30	128.47409708368116	-0.03634999214424148	0.014444667633499596
-2.0942817899603634	0.0023791505314685224	108.19330216749215	-0.03588241151778827	0.013431062092290702
-2.0786648298528903	5.54786062678581e-31	68.15297375236419	-0.036620928924732905	0.014397864905013102
-2.0649360418604044	3.4314999573699064e-5	101.15740453520549	-0.03796686601418434	0.012534345930496023
-2.058893662243465	8.960751839215819e-6	169.8580583147173	-0.03486630309263221	0.015406291420869885
-2.0531615048155127	0.0002690515106616773	118.69846757047682	-0.03185272390635043	0.026108725699239377
-2.042044245052695	0.00024297047906212028	83.85453103671932	-0.03758889682893374	0.014222455607938757
-2.0293106767770825	6.209394477830875e-8	149.44024983980756	-0.03873749041454281	0.01935102926326307
-2.028660969782854	4.826865808420802e-31	83.46840845881826	-0.03793710795072632	0.02055523971710614
-2.0053495154595433	5.173075246155622e-32	63.43458699855321	-0.03788982491688075	0.014322022341371511
-1.9971324284203065	4.232440434982156e-34	141.06750976563134	-0.04042557982613717	0.01268522539392678
-1.9911719064316191	9.075468643036997e-31	170.68855744814178	-0.0375505534058498	0.014511820455017779
-1.9854151813482077	9.363905711924577e-33	114.99078436288812	-0.034110938173027565	0.02754116934003484
-1.9737792083029726	0.003987900245696096	110.8815238309847	-0.039572850960940806	0.014949546443609452
-1.9673779111980556	1.547495349228103e-29	155.98318410761337	-0.0413065559512478	0.013773539865097177
-1.9609573133567828	0.0009353714685973182	67.6369620790747	-0.040545297502182095	0.014053582949500662
-1.9378082803553547	2.1273361304831295e-9	77.88317176564291	-0.040782011884649416	0.0289885283085572
-1.935277825032679	8.69712028580283e-7	214.93796862484987	-0.04321698474985258	0.016213855091745305
-1.9285032701107907	0.0002403162178147131	145.95331030051756	-0.036818136928782386	0.013436245015809685
-1.9215748127756633	0.0030833695570806055	90.33949220459439	-0.040641374733687986	0.013516233706526897
-1.906364558112382	5.023582070641991e-35	89.41965270146936	-0.04267549985429396	0.021437012993174905
-1.8992083649135019	1.0518519100591804e-30	92.69400810297715	-0.04341261649299058	0.018726176020006584
-1.884788190438453	4.779736920413283e-31	84.5717855453667	-0.04213083076577594	0.009299225359256797
-1.8755598160848013	3.6032838110260283e-31	164.12356380142123	-0.042490492780309044	0.013915520602701065
-1.8726022498356771	1.2657030528280989e-30	76.52280293913904	-0.043311885664589385	0.012535766579655602
-1.8494238157923046	0.0019722116245401503	70.04148030274195	-0.045294526079065554	0.011917228931389771
-1.8440477419732597	0.0001162206554512387	241.66297399829628	-0.044148329974857604	0.012352370025593752
-1.841147827266176	0.019233596839271363	61.21070858077364	-0.045121221342747424	0.016023313023832173
-1.8113737206071976	0.0002843072683361332	44.13133001449031	-0.04708397594398142	0.027313065054829746
-1.7958285495706408	3.5250342738593865e-31	63.69576221249313	-0.04832527501843987	0.021440249940388324
-1.7799744574454213	3.370910549388095e-30	38.985532934822906	-0.04897950396737456	0.029799327269503767
-1.7445274681324658	3.8782003571901944e-29	40.942432414997214	-0.05109426867173811	0.02023374609402126
-1.7311253812662688	0.020928855382853592	63.69912878320597	-0.051921351509006584	0.023086702826270657
-1.7131298644571187	0.015002413419315035	29.954050945945482	-0.052982605389952676	0.02229790372336397
-1.6643564489569407	7.286945010369797e-30	18.21259661631473	-0.05603767842021414	0.03439992517279531
-1.6033157593004486	0.19254578630236174	1.6777386181303833	-0.06000298894935935	0.054902308237076036
-0.472275645435392	2.0349531856329676e-5	1.6663725348758756	0.004817422236449891	0.08322876761290063
-0.40310394703064567	2.311210710171025e-33	15.080519665343513	0.004608819458613342	0.06442062451321806
-0.3396542209498557	1.0483825995875258e-5	29.905490331582396	0.00457096668116299	0.021356317392975485
-0.33622659515229	1.598458005653076e-5	39.51683613403114	0.004732543654774393	0.02092136441973869
-0.28904288169140635	1.081465024637146e-33	35.850080815708104	0.004534031404176221	0.023550184287552272
-0.2804387153346334	7.608491650615971e-33	129.06355859571758	0.004592437516374958	0.022254484710306666
-0.2735466407558464	8.08304235016792e-34	83.36025428270686	0.0033573043921719045	0.05202194437916781
-0.256446466064169	6.747009462752067e-5	66.232613612855	0.00460479797729639	0.017021926538726053
-0.24335003683363876	8.812016154637626e-5	59.66342915424824	0.004482282870191704	0.014728261497917004
-0.22292509412241573	2.0338487459428955e-7	75.97657938488427	0.002870075407629784	0.022422240962102227
-0.21702613522879888	9.62091485673989e-7	111.9824512274207	0.005120639267734185	0.022914411067195297
-0.20506515287199356	9.50608431080814e-5	75.52162884401777	0.0019741551284460507	0.03257980721365262
-0.190543655565512	7.75780123008373e-33	80.05504406273779	0.0025692601809425217	0.023923213381705874
-0.1800823423143898	6.172686112297029e-33	89.46634718791424	0.004666240350948286	0.025652531730131035
-0.16818888125244857	1.0148621626903096e-32	78.59636840848881	0.001665159092483312	0.022093548961260596
-0.15463587397878678	9.870758126709441e-32	102.35555901792766	0.0011686290492844559	0.01775327233309245
-0.14864915112748586	1.0711157602657791e-32	106.77779039068498	0.003719092441848648	0.02112461291607801
-0.13590538711740596	1.9536149641592493e-6	100.91298363162001	0.0001061924882230815	0.018332757149584135
-0.12883009585803765	1.1061986530366736e-5	146.9149632292414	0.006577578772608825	0.02894299091270289
-0.12229206988926723	0.00027389898322244634	118.21620695546471	0.0008024060347139872	0.017733188764701386
-0.11191194181209152	0.00012775856531225708	89.97666108435851	0.0029051384035457123	0.014468570280616167
-0.10006408347704773	8.895151810377859e-10	159.14454087708347	-0.0003097379442903031	0.05550797412879966
-0.09934474981808705	1.5108006665839226e-31	244.8625491249667	0.0007116713099127262	0.019104460750363574
-0.09189623581252272	6.164164374079167e-5	127.10591978487642	0.0007008025043211755	0.01301980325403551
-0.08360984145673811	4.8178986352687805e-5	83.54484669895471	0.0001369323050542659	0.012881791059079033
-0.0679569974390681	3.9591079445219025e-33	87.52701214108113	-0.0021401977543147183	0.030485466046454673
-0.060759752654708815	5.673311903635319e-32	241.21852008351738	0.00461032509486952	0.027020884065451983
-0.05966576010245093	1.265761468270613e-33	145.57362026911073	0.000123986708215975	0.012021034472578289
-0.04702099973846785	2.730776820843095e-32	90.3559730932418	-0.0009009048195937931	0.012150038013277369
-0.03753108619510312	1.8518901214399566e-32	157.1605955983756	-0.0019277474758640223	0.01509219092477955
-0.034295163517338946	3.341139392479683e-32	329.6805887607623	-0.002004366335873045	0.012632773891833982
-0.03146460831262357	0.0004325091161959569	80.74720771337083	-0.0016679034588868713	0.03136847863815089
-0.00952650517438522	0.0012804860410966683	77.14345518568437	-0.0010040677247839802	0.007546148033435681
-0.005538883373469654	1.822841283211929e-5	274.4762522122858	-0.004052201534682588	0.009991310149426193
-0.002239900290064817	9.39863031691434e-5	265.51724156068815	-0.004026197990465212	0.008359834600917252
0.0019935841538523645	0.00024345531293600096	325.1445781765011	0.004071267385697144	0.014479558717520649
0.0039112095061265935	0.00010516859840191991	252.75905995930606	-0.0010009256902424116	0.010414867755207485
0.00990625798766864	0.0018350038103706753	84.81482257627874	0.0035712973953852672	0.012724811927599734
0.027491993374433192	8.324909091675911e-6	95.39870434544736	-0.00486580438514498	0.032949604971233254
0.03087090330148568	4.2335079438039197e-32	306.62952380770486	-0.003643254527791878	0.013583324766435857
0.0340145225006704	6.814501997477835e-32	142.80986590338824	-0.0038551667212504345	0.012356634802029606
0.044875537976746926	9.68840066204801e-31	86.17447859575672	-0.002607335527246915	0.012218600870329508
0.057223250102980266	1.6572460764013394e-31	137.27271556409866	-0.0039674072041883945	0.01193228715393704
0.05944507564329154	7.83969754861734e-31	209.4495942933391	-0.0070483632105223775	0.028564494795454122
0.06677208693290008	3.24801358351124e-31	94.79670793093665	0.0005134934223589935	0.03051650890963392
0.08054285470812028	0.004749844631216681	91.18147999628876	-0.005172355111711983	0.013584649330731497
0.08870636569303211	0.0038069997007185944	138.78707213313302	-0.0058178729730443204	0.012356677466835416
0.09495341881369834	4.87809677299688e-32	288.7216934835835	-0.00791563943045459	0.01892456596361456
0.09563345169016976	4.41272775399753e-8	133.37748037380203	-0.0070228200005432095	0.05547675616781246
0.10994845391553731	0.0008338589054885233	83.84718179615862	-0.005825413798267072	0.015117298381921865
0.11948637026365518	0.00038079772573058543	118.1428703437504	-0.0054851294578221466	0.013574427770610782
0.12687710982325962	3.76060009103388e-6	137.14923933379825	-0.010230551728509063	0.018745927670836198
0.13406902496677267	8.468522739741728e-5	108.19289927422253	-0.0026393714354526754	0.02840768380072391
0.14536261130641018	1.3599738814582925e-31	118.25135810569638	-0.008987968337525482	0.01766118212395956
0.15098214995779682	7.438368754083336e-33	114.52547963899897	-0.007190741964729477	0.01863554857100449
0.16282597409960076	6.004012454855261e-34	76.24700014036812	-0.010513295890733715	0.020208277213581635
0.17721269012748309	9.675212771802829e-31	84.06016749184263	-0.0092129456122991	0.020437729121338566
0.18661845583828018	4.3046712689708226e-30	91.68330331806429	-0.00891829930342175	0.02782951073801842
0.19902691286618257	0.019154674551442694	77.2250832695451	-0.01181978865979381	0.03277784781473949
0.21251677689310164	0.00019346345059283236	105.4029391999377	-0.01256850882271937	0.02021525411550215
0.21800171580034194	0.000704511430714868	75.54665738956821	-0.010787062305164907	0.024429267286664343
0.23899048293262481	0.0012792501230541769	61.80640797860762	-0.011591636515481854	0.014701405065065254
0.2503608200649392	0.0016811225462310462	74.35110322022472	-0.014496781221795554	0.017216478689013458
0.2658898820454542	1.2594482603089622e-29	83.73827140729773	-0.015838564274183176	0.04567130354739424
0.2742447618562872	4.1040816768254245e-30	126.57100807582151	-0.014672374404350291	0.0210112551626633
0.28169128894269496	2.6514646240045865e-30	37.635346992841654	-0.016487912549988347	0.02503265302329175
0.3273862939479245	0.01449643548314729	41.09825080352943	-0.019123858732340862	0.02092977980773536
0.33035516054056463	0.023189715969323687	31.356875837202313	-0.019708648467006658	0.022343667511841133
0.3911681582632198	9.526978259672208e-31	15.734193107598266	-0.024058097947408	0.057861416924869916
0.45746685837743506	0.19156433728180086	1.663521994305504	-0.028957030422655683	0.07444625736076924
1.5934366024715398	1.7895920202978021e-34	1.6673336393987204	0.04379588294144654	0.04654814169636189
1.6569868301098154	4.1687060737062416e-6	17.50118907869232	0.04394043438073959	0.03526373896178898
1.7077145518729893	1.2797195398916396e-34	29.034176760251015	0.04408981046320456	0.02424751981978534
1.7258711665425288	6.584875451050707e-35	61.25155906647065	0.04329094401596656	0.023810548130429758
1.7403667819628321	6.422948549109211e-5	39.58221643605947	0.04425610074905806	0.021654800064340823
1.7763989080405516	1.4296184535008138e-9	38.889679296203056	0.04310297216485043	0.03094596502350143
1.791794308139302	2.9143359187392257e-5	61.64229122547191	0.041650802485260416	0.022509851954235154
1.8088441653507399	6.351823884799237e-33	42.0675869025434	0.04292500296391394	0.02884122243017821
1.8393368497315576	5.393208934396438e-32	59.873832912610276	0.04224533968404606	0.01693115142396077
1.8422477392111127	5.806522090457258e-32	222.5243116878408	0.040762366057405325	0.012715390290001564
1.8483246317174002	2.4223487208999896e-32	67.83098560567713	0.04372035205428432	0.011716291216554169
1.8717327891796718	7.289768077639798e-6	76.23190234302994	0.04199825294606661	0.011819367097066064
1.8745603668693365	0.00024082934653971069	150.6435755319678	0.04027563345610892	0.015057990096968074
1.8850091601960752	0.00020326165925918695	89.79370694425545	0.042854197560352636	0.009717348272069784
1.8968336426707422	1.0075261841303563e-7	99.58634006056243	0.03945360382174271	0.01810300064489728
1.9050922358345987	2.9566582915484373e-6	79.83739400476988	0.040631006537413486	0.022137151664848535
1.9218845605386339	1.259038961301713e-31	83.77091553138624	0.04124067553998468	0.012036128182047537
1.928966870453468	1.3876308724045399e-33	137.3066849919506	0.03750649000278478	0.012359784755929757
1.9364504937276643	1.8464005760452595e-34	242.50256669782763	0.045003509143504136	0.015286737791076992
1.9372142058414357	1.6866669174436802e-33	87.36635171346131	0.03991107493175576	0.027551673269134633
1.9593426021970608	1.607881665266659e-31	70.73620247687744	0.03781752877849354	0.015185774544248335
1.9654882710296788	0.0015927293407558205	146.54822622582063	0.03821599060361734	0.012708383917909252
1.9729899867578138	1.163847471776658e-31	91.83930220831131	0.03828885406686011	0.014476560364191067
1.9872654399748824	9.738134657262267e-5	109.34243574977073	0.03856236542585259	0.014576162641762685
1.9912811468758944	2.3291534229715374e-6	165.52532048324824	0.03548809612158406	0.015472840291393416
1.9993481835343634	7.509636142499665e-5	144.590358605738	0.04485299118853816	0.02161191312063899
2.0051133277991986	0.00015550914413076458	71.99018733402241	0.03752401671487606	0.014250382332570881
2.027129747578923	6.109294080094501e-8	88.14105827553838	0.035342684868945214	0.021227575928312408
2.027804228488725	2.6260123840546264e-31	135.58840893580754	0.03621305844661986	0.01858061424683545
2.0418802709879476	2.644995523897195e-32	73.63270289562969	0.03743941136723855	0.014247906887244711
2.0549660726333694	1.300196763983139e-32	117.54957875557325	0.03588693026631808	0.013895352409725578
2.058894368538724	9.352261379218999e-32	165.93160905958385	0.03266627694204235	0.016714004087561834
2.0670192312288593	4.469648746546917e-31	107.33823609525662	0.042440094754189375	0.022763129613687892
2.0775270578091636	0.0025171654843558714	80.5632923258927	0.03479364678805611	0.014888645848471084
2.0918444331571724	4.551139209541484e-31	113.01080509489688	0.03177754574502521	0.015155858955459105
2.095224480620377	0.0005964806990054489	114.60657306047605	0.03312232634188339	0.013566865598230502
2.1092954392084975	9.023429957340306e-8	90.21284549991154	0.03433138427123079	0.029408114191466606
2.117394272393567	0.001927015920127437	139.18600866502334	0.03497458585389428	0.01177426274348842
2.123664699590217	1.2629963125699854e-5	143.71909020275467	0.029182101238810904	0.01589822267697153
2.131310308162917	1.5543729236435858e-5	94.21883836109791	0.037831618358202354	0.01914828247000951
2.14489187702935	7.824815352845411e-32	70.62148143900488	0.031632883231547275	0.021030599919400768
2.159630303145285	2.3565649308660033e-31	75.96456441563035	0.029023354301554644	0.020969603866564365
2.1712199421658425	2.7609151500877547e-31	138.15069415123577	0.031644839279241214	0.012165870200414567
2.174107248138486	1.011772396827855e-30	162.6200859086548	0.030527226952591906	0.0144446973021112
2.183518545925795	9.820161731760954e-31	61.40992403978563	0.031018681350771717	0.011303954741873437
2.2066752740931226	0.010049003150934233	77.57961340027248	0.02886848698864091	0.017884780421516887
2.2092985145585464	4.40567954313688e-5	241.83940552753484	0.02690226422868991	0.013370547092071751
2.2149452249542625	0.003270813312651654	75.70553410243188	0.02919828953480022	0.014318969874380432
2.2357166625012574	0.00015257355111825257	41.900645432554356	0.027964181211148187	0.027551283650534
2.2626771865828563	9.775615868036427e-31	56.620894830711464	0.0237680558949167	0.022607095111769622
2.271039311604203	2.9255245994956242e-30	50.061778247056736	0.02500218875864027	0.03146608360090864
2.3026278249746834	2.8847922370549795e-30	37.72475253306907	0.02404022586310957	0.020714019212770378
2.324054901255767	0.013408364647021373	57.070820223440286	0.020349998510218376	0.024962888617558028
2.3376720032810354	0.009579789699577713	30.109968864910577	0.020634792979548455	0.023813292791038786
2.390478085184421	5.594680674272143e-30	17.21558766695651	0.015692315728216964	0.03957044278639653
2.4538457894271097	0.12624466078417176	1.499095938814916	0.010010979555118205	0.06281615869822993
3.7246155130938483	3.7818592720102846e-5	1.5134600349553364	0.08609489414920779	0.021867744838067367
3.7753210539252713	3.83913241378049e-33	23.999215071587574	0.08618974882327075	0.019012259113665213
3.8079515719621977	0.00011008788098756762	31.723240899286996	0.08630960358033056	0.014969495772234713
3.8383663148539853	1.1083577571782842e-5	31.810285495192826	0.08552177067567743	0.015347118107307366
3.8708243179582134	1.1902664540176015e-33	29.267034215725868	0.08537111707038818	0.01905261730150457
3.9067025864849985	1.0727471565481064e-31	39.82976462541096	0.08400961072746563	0.013414089632356891
3.9210380216747556	0.00040746986126633786	61.92528300974506	0.08470734283697595	0.01464469606052323
3.938999572510646	1.2731403526153402e-5	39.162903400784614	0.08358770799725837	0.012675114841845985
3.9721067583190344	1.4489111004223372e-5	39.99665426684285	0.08162522183676943	0.012652321774517855
3.989003755026932	1.4672347023326804e-32	62.245776582097804	0.08258542006130226	0.016852985369655366
4.0042374523165964	2.2760946895658203e-33	53.97176929558359	0.08085527835362691	0.011922756562827205
4.026060164814922	1.565926379389993e-31	42.427303954439196	0.0783608417287845	0.014556494789541774
4.0513769076576125	0.00046663998469891987	71.4728649690013	0.08085436571758191	0.013864150683922917
4.054042812507405	0.00015849259970321944	310.87462189965294	0.0790718524014762	0.012927552993648953
4.057810369442877	6.59919960824168e-6	161.60123043226935	0.07547278228180554	0.01178441500477823
4.066418955898456	0.00020163118058582686	55.03650726938222	0.08653408662280083	0.009396608102539403
4.094149884779684	5.303882300143823e-34	47.50287497092394	0.0761176524643267	0.013167135064643598
4.108521670759908	8.016816066774111e-34	89.49510531354315	0.07790262898001996	0.011339498572145593
4.116497475667399	1.7671806547208716e-31	56.500273168111406	0.07836476240851907	0.018757794453911427
4.14391972970467	0.0011071342119445308	37.17987433507499	0.07482754500044965	0.012878873493591975
4.1702900189658365	3.875131355886952e-5	50.15739706834178	0.07496675589733133	0.01317921920958875
4.183794207187521	0.0027328134713601603	56.460660361970085	0.07502720230438589	0.016120151179171913
4.205712913193038	1.0932747253411798e-31	37.33853088018082	0.0721356512430819	0.014899184017332666
4.237358178582593	8.63985570326997e-33	29.905857226256074	0.07135430178149886	0.02260792837657759
4.272589444598534	0.005649388474409249	31.165676845174602	0.06825766223259477	0.016378184029817982
4.301531339651278	0.0019988613170395172	31.313037162191534	0.06701426511708802	0.01737450588071711
4.336460604385451	5.447213800447524e-30	22.849736905884498	0.06342353772828183	0.024655158335628324
4.3890596997474045	0.0533551631361273	1.272702650974103	0.05814205011864482	0.03856406267688588
5.907919576730041	7.75261661830151e-34	1.289192232172452	0.1308141541706805	0.010161162719866992
5.940418721380468	3.906092634532929e-5	24.206844581650056	0.13070722898384507	0.010383265021338435
5.9905408367316895	9.024439181384251e-35	17.78189371649414	0.12987623032859053	0.01069326707329535
6.052892681234633	0.00022607476572563854	15.38969773512078	0.12811577353389508	0.011144169115617681
6.120497905052519	1.5307456517239627e-33	15.114045376101172	0.1254660188378981	0.011530122480140577
6.185219927199004	0.0010793608276738632	16.924777171287236	0.12205979664191982	0.012307431241168844
6.238667850792956	1.816757108770067e-30	22.61359959564819	0.11818392033488863	0.0126119500184937
6.27366228205457	0.013037509461045274	1.0605783178590946	0.11468118234259633	0.016672518118781624
8.124431463269252	0.0013278896944642624	0.5403158914412483	0.17656608895384596	0.005174924263832293
